5_Resource uncertainty,10_Region,11_Basin name,38_Well count (total producer),52_Well spacing (average) (ac),72_Onshore or offshore,75_Temperature (original) (deg. F),77_Pressure (original) (psi),82_Drive mechanism (main),149_Reservoir period,170_Gross reservoir thickness (average) (ft),176_Net/gross ratio (average),204_Porosity (matrix average) (%),218_API gravity (average) (deg. API),225_Viscosity (oil average) (cp),252_GOR (initial average) (SCF/STB),293_Original in-place oil equivalent (MMBOE),307_Recovery factor (ultimate oil) (%)
1P ,AFRICA,ABU GHARADIG,20.0,140.0,ONSHORE,232.0,4500.0,GAS DRIVE,CRETACEOUS,240.0,0.1,21.0,40.5,13.81,850.0,166.0,19.0
1P ,AFRICA,ABU GHARADIG,20.0,140.0,ONSHORE,250.0,4600.0,GAS DRIVE,CRETACEOUS,500.0,0.07,16.0,40.0,4.74,800.0,214.0,14.0
1P ,AFRICA,NIGER DELTA,17.0,89.0,ONSHORE,191.6086925633698,3122.0,AQUIFER DRIVE,NEOGENE,110.0,0.6,20.0,19.0,0.7,1000.0,160.0,55.0
1P ,AFRICA,NIGER DELTA,22.0,0.0,OFFSHORE,141.29953391604337,6600.0,AQUIFER DRIVE,NEOGENE,200.0,0.6,18.0,46.0,0.26,1230.0,2100.0,47.62
1P ,MIDDLE EAST,ZAGROS,450.0,0.0,ONSHORE,190.0,4452.278384742951,AQUIFER DRIVE,NEOGENE/PALEOGENE,1200.0,0.36,19.0,32.6,0.58,950.0,57300.0,44.3
1P ,MIDDLE EAST,SOUTH OMAN SALT,24.0,62.0,ONSHORE,212.0,11600.0,GAS DRIVE,CAMBRIAN/PROTEROZOIC,1230.0,0.68,17.0,48.0,0.7,410.0,1321.0,7.0
1P ,MIDDLE EAST,THE GULF,22.0,0.0,OFFSHORE,137.4598916709441,1637.277450504429,GAS DRIVE,CRETACEOUS,20.0,0.6,30.0,27.0,0.7,300.0,17000.0,25.0
1P ,EUROPE,NORTH SEA CENTRAL,22.0,0.0,OFFSHORE,172.0,2850.0,GAS DRIVE,PALEOGENE,328.0,0.8,35.0,19.5,7.0,246.0,1000.0,44.0
1P ,LATIN AMERICA,CAMPOS,66.0,0.0,OFFSHORE,191.01797837181607,4147.704513169603,GAS DRIVE,PALEOGENE,200.0,0.6,26.0,27.0,26.5,600.0,1930.0,35.0
1P ,LATIN AMERICA,CAMPOS,22.0,0.0,OFFSHORE,218.47388173340732,4863.0,GAS DRIVE,CRETACEOUS,390.0,0.25,17.0,28.0,26.4,365.0,497.0,21.0
1P ,EUROPE,PANNONIAN,22.0,20.0,ONSHORE,250.0,3656.0,GAS DRIVE,NEOGENE,230.0,0.47,18.0,29.8,0.84,544.0,57.5,40.5
1P ,EUROPE,PANNONIAN,340.0,140.0,ONSHORE,208.0,2828.0,GAS DRIVE,NEOGENE,1300.0,0.6,25.0,41.0,0.7,482.0,1592.0,41.95
1P ,NORTH AMERICA,NORTH SLOPE,51.0,135.0,ONSHORE,160.0,3215.0,GAS DRIVE,JURASSIC,50.0,0.95,20.0,39.0,0.45,769.0,1000.0,45.0
1P ,NORTH AMERICA,UINTA,22.0,160.0,ONSHORE,200.0,4000.0,GAS DRIVE,PALEOGENE,8000.0,0.6,5.0,40.0,0.7,1000.0,3200.0,12.0
1P ,EUROPE,NORTH SEA NORTHERN,17.0,120.0,OFFSHORE,234.0,6527.0,GAS DRIVE,JURASSIC,900.0,0.86,18.0,87.0,0.29,1400.0,600.0,48.3
1P ,AFRICA,SIRT,22.0,0.0,ONSHORE,223.0519167179488,4675.0,AQUIFER DRIVE,CRETACEOUS/TRIASSIC/PALEOZOIC,200.0,0.1,14.0,36.0,0.7,444.0,5000.0,23.0
1P ,FORMER SOVIET UNION,AZOV-KUBAN,1200.0,8.0,ONSHORE,130.0,2292.0,AQUIFER DRIVE,NEOGENE,230.0,0.85,25.0,29.0,5.0,340.0,1910.0,57.0
1P ,EUROPE,NORTH SEA CENTRAL,18.0,180.0,OFFSHORE,230.0,3698.0,AQUIFER DRIVE,PALEOGENE,541.0,0.91,20.0,40.0,0.29,808.0,364.33,55.6
1P ,AFRICA,GABON NORTH,56.0,66.0,OFFSHORE,195.079138438748,4119.0,AQUIFER DRIVE,CRETACEOUS,820.0,0.25,19.0,30.5,0.65,722.0,1500.0,23.0
1P ,EUROPE,NORTH SEA CENTRAL,3.0,185.0,OFFSHORE,230.0,6735.0,AQUIFER DRIVE,JURASSIC,100.0,0.9,18.0,40.0,0.58,290.0,23.1,72.0
1P ,ASIA-PACIFIC,CAMBAY,144.0,61.78,ONSHORE,170.6,1713.91,AQUIFER DRIVE,PALEOGENE,29.53,0.84,23.0,45.38,0.32,842.19,1000.0,61.0
1P ,ASIA-PACIFIC,CAMBAY,144.0,74.13,ONSHORE,168.8,1675.48,AQUIFER DRIVE,PALEOGENE,16.4,0.86,22.0,45.38,0.36,842.19,1000.0,55.0
1P ,ASIA-PACIFIC,ORDOS,3344.0,15.0,ONSHORE,111.0,1200.0,GAS DRIVE,TRIASSIC,2900.0,0.25,12.3,35.0,2.0,318.0,2528.0,25.0
1P ,LATIN AMERICA,LLANOS,25.0,60.0,ONSHORE,120.0,5992.453076221815,AQUIFER DRIVE,CRETACEOUS,1010.0,0.67,12.0,25.0,11.0,128.0,298.0,36.0
1P ,EUROPE,NORTH SEA CENTRAL,14.0,0.0,OFFSHORE,245.0,3700.0,AQUIFER DRIVE,PALEOGENE,330.0,0.5,24.0,40.0,0.4,490.0,334.0,51.0
1P ,ASIA-PACIFIC,JAVA NORTHWEST,78.0,200.0,OFFSHORE,185.0,1275.0,AQUIFER DRIVE,NEOGENE,1197.0,0.22,26.0,37.0,3.9,380.0,1000.0,44.0
1P ,EUROPE,NORTH SEA CENTRAL,8.0,0.0,OFFSHORE,209.33011830998183,5270.0,AQUIFER DRIVE,PERMIAN,60.0,0.6,22.0,37.0,0.75,300.0,35.0,52.3
1P ,FORMER SOVIET UNION,VOLGA-URAL,7445.0,25.0,ONSHORE,73.0,2045.0,AQUIFER DRIVE,CARBONIFEROUS,180.0,0.6,22.0,28.0,33.0,70.0,9300.0,36.0
1P ,AFRICA,SIRT,32.0,62.0,ONSHORE,284.0,5540.0,AQUIFER DRIVE,CAMBRIAN,200.0,0.6,12.0,38.0,0.7,127.0,1000.0,50.0
1P ,EUROPE,MID-NORWAY SHELF,14.0,0.0,OFFSHORE,284.0,5873.0,GAS DRIVE,JURASSIC,1450.0,0.6,13.0,41.0,2.0,2190.0,1124.0,36.5
1P ,NORTH AMERICA,WESTERN CANADA,22.0,1.4,ONSHORE,45.0,70.0,AQUIFER DRIVE,CRETACEOUS,220.0,0.4,35.0,8.0,200000.0,500.0,932000.0,44.0
1P ,ASIA-PACIFIC,KUTAI,152.0,30.0,OFFSHORE,176.0,3340.0,AQUIFER DRIVE,NEOGENE,4350.0,0.6,27.0,40.0,0.4,500.0,2233.0,39.0
1P ,NORTH AMERICA,GULF OF MEXICO NORTHERN OFFSHORE,20.0,240.0,OFFSHORE,209.0,12874.0,AQUIFER DRIVE,NEOGENE,200.0,0.75,30.0,36.5,0.5,2820.0,317.9,47.0
1P ,NORTH AMERICA,GULF OF MEXICO NORTHERN OFFSHORE,22.0,240.0,OFFSHORE,209.0,12874.0,AQUIFER DRIVE,NEOGENE,200.0,0.75,30.0,36.0,0.5,1947.0,188.6,46.0
1P ,EUROPE,NORTH SEA CENTRAL,24.0,0.0,OFFSHORE,215.0,4067.0,AQUIFER DRIVE,PERMIAN,980.0,0.85,19.0,38.0,1.07,190.0,795.0,19.0
2P ,LATIN AMERICA,EASTERN VENEZUELA,600.0,61.0,ONSHORE,140.0,1220.0,GAS DRIVE,NEOGENE/PALEOGENE,1100.0,0.45,30.0,9.0,2500.0,45.0,87000.0,20.0
1P ,EUROPE,CANTABRIAN,22.0,54.36,ONSHORE,136.53283958657445,1593.8237578043909,GAS DRIVE,CRETACEOUS/JURASSIC,1804.46,0.6,18.0,37.0,0.7,1000.0,104.98,20.0
1P ,FORMER SOVIET UNION,CASPIAN SOUTH,72.0,0.0,OFFSHORE,160.0,4945.0,AQUIFER DRIVE,NEOGENE,3149.61,0.5,20.0,35.0,1.5,600.0,13000.0,41.5
1P ,ASIA-PACIFIC,MEKONG (CUU LONG),22.0,0.0,OFFSHORE,266.0,4905.678125380549,GAS DRIVE,PALEOGENE,1800.0,0.2,15.0,46.0,0.7,954.0,941.0,45.0
1P ,LATIN AMERICA,MARACAIBO,65.0,90.0,ONSHORE-OFFSHORE,250.0,4130.0,GRAVITY DRAINAGE,NEOGENE,530.0,0.8,23.0,29.3,0.53,260.0,2033.0,58.0
1P ,LATIN AMERICA,MARACAIBO,700.0,14.0,ONSHORE-OFFSHORE,148.35118457771608,2700.0,AQUIFER DRIVE,NEOGENE,1000.0,0.6,29.0,24.0,2.5,450.0,2200.0,41.4
1P ,LATIN AMERICA,MARACAIBO,3316.0,13.0,ONSHORE-OFFSHORE,120.0,300.0,COMPACTION,NEOGENE,500.0,0.6,33.0,15.0,50.0,500.0,18000.0,26.0
1P ,LATIN AMERICA,MARACAIBO,22.0,90.0,ONSHORE-OFFSHORE,221.4520657824908,5574.240847262198,GAS DRIVE,PALEOGENE,200.0,0.6,18.0,32.0,0.7,500.0,1600.0,42.0
1P ,AFRICA,ABU GHARADIG,4.0,0.0,ONSHORE,228.0,4253.0,GAS DRIVE,CRETACEOUS,115.0,0.23,16.5,32.1,0.2,500.0,5.0,20.0
1P ,AFRICA,ABU GHARADIG,4.0,0.0,ONSHORE,264.0,5310.0,GAS DRIVE,CRETACEOUS,115.0,0.4,12.0,39.5,0.18,500.0,38.0,24.0
1P ,AFRICA,ABU GHARADIG,3.0,0.0,ONSHORE,262.0,5329.0,AQUIFER DRIVE,CRETACEOUS,274.0,0.75,14.0,37.0,0.18,500.0,190.0,46.0
1P ,AFRICA,ABU GHARADIG,3.0,360.0,ONSHORE,228.0,4732.0,GAS DRIVE,CRETACEOUS,39.0,0.77,22.0,42.0,3.3,852.0,13.0,31.0
1P ,AFRICA,GULF OF SUEZ,22.0,60.0,OFFSHORE,162.0,2630.0,GAS DRIVE,NEOGENE,285.0,0.55,24.0,27.0,0.7,317.0,386.0,40.9
1P ,AFRICA,GULF OF SUEZ,22.0,60.0,OFFSHORE,174.0,3034.0,GAS DRIVE,NEOGENE,1000.0,0.55,16.5,28.0,0.7,613.0,365.5,31.3
1P ,FORMER SOVIET UNION,CASPIAN SOUTH,93.0,36.0,OFFSHORE,200.0,6700.0,GAS DRIVE,NEOGENE,3340.0,0.6,16.5,34.0,2.0,500.0,248.0,25.4
1P ,ASIA-PACIFIC,SUMATRA CENTRAL,217.0,46.0,ONSHORE,135.0,340.0,GAS DRIVE,NEOGENE,120.0,0.6,32.0,30.0,10.0,18.3,650.0,30.8
1P ,LATIN AMERICA,UPPER MAGDALENA,19.0,230.0,ONSHORE,205.0,4400.0,AQUIFER DRIVE,CRETACEOUS,200.0,0.5,8.0,34.0,1.24,500.0,68.6,32.0
1P ,EUROPE,NORTH SEA NORTHERN,35.0,0.0,OFFSHORE,171.0,2465.0,AQUIFER DRIVE,PALEOGENE,200.0,0.85,33.0,22.0,3.5,300.0,945.0,48.0
1P ,NORTH AMERICA,GULF OF MEXICO NORTHERN OFFSHORE,6.0,1280.0,OFFSHORE,190.0,13324.0,AQUIFER DRIVE,NEOGENE,100.0,0.8,27.0,38.5,0.24,500.0,1000.0,44.0
1P ,EUROPE,NORTH SEA CENTRAL,15.0,180.0,OFFSHORE,207.0,3145.0,AQUIFER DRIVE,PALEOGENE,700.0,0.87,25.0,39.9,0.7,366.0,197.0,59.4
1P ,ASIA-PACIFIC,CAMBAY,113.0,22.0,ONSHORE,158.0,1508.0,AQUIFER DRIVE,PALEOGENE,275.0,0.43,27.0,15.5,150.0,50.0,146.0,39.0
1P ,ASIA-PACIFIC,SARAWAK,105.0,0.0,OFFSHORE,133.52179706058587,1452.6872253084605,AQUIFER DRIVE,NEOGENE,200.0,0.7,20.0,43.0,6.0,160.0,1200.0,29.0
1P ,LATIN AMERICA,EASTERN VENEZUELA,400.0,50.0,ONSHORE,137.0,1220.0,AQUIFER DRIVE,PALEOGENE,130.0,0.85,32.0,9.8,684.0,96.0,4022.0,19.0
1P ,ASIA-PACIFIC,SARAWAK,54.0,40.0,OFFSHORE,182.0,3175.0,GAS DRIVE,NEOGENE,375.0,0.5,20.0,40.0,0.24,1228.0,264.0,31.0
1P ,ASIA-PACIFIC,GIPPSLAND,6.0,80.0,OFFSHORE,157.8887574621774,1693.0,AQUIFER DRIVE,PALEOGENE,98.0,0.85,27.0,0.0,0.74,20.0,1000.0,44.0
1P ,LATIN AMERICA,CUYO,22.0,0.0,ONSHORE,212.0,4481.67,AQUIFER DRIVE,TRIASSIC,393.7,0.62,20.0,27.49,8.5,126.89,424.79,19.4
1P ,ASIA-PACIFIC,CARNARVON,471.0,30.0,ONSHORE,150.0,995.0,GAS DRIVE,CRETACEOUS,110.0,0.63,27.0,37.7,1.76,225.0,1250.0,27.4
1P ,NORTH AMERICA,GULF OF MEXICO NORTHERN ONSHORE,22.0,18.6,OFFSHORE,140.33962335476855,1772.259052678981,AQUIFER DRIVE,NEOGENE,16000.0,0.48,29.0,0.0,1.5,450.0,1000.0,44.0
1P ,ASIA-PACIFIC,KUTAI,82.0,0.0,OFFSHORE,275.0,4380.0,AQUIFER DRIVE,NEOGENE,200.0,0.2,25.0,41.0,0.45,400.0,617.0,42.0
1P ,ASIA-PACIFIC,SUMATRA CENTRAL,140.0,16.0,ONSHORE,191.0,871.0,AQUIFER DRIVE,NEOGENE/PALEOGENE,825.0,0.8,24.0,36.0,4.1,110.0,1179.0,48.0
1P ,AFRICA,GULF OF SUEZ,122.0,60.0,OFFSHORE,202.0,4235.0,AQUIFER DRIVE,NEOGENE,1300.0,0.48,18.0,27.5,1.3,415.0,3770.0,46.0
1P ,ASIA-PACIFIC,NATUNA WEST,22.0,300.0,OFFSHORE,196.0,1860.0,AQUIFER DRIVE,NEOGENE,200.0,0.65,27.0,47.0,5.64,354.0,324.0,60.0
1P ,ASIA-PACIFIC,NATUNA WEST,26.0,120.0,OFFSHORE,208.0,2034.0,AQUIFER DRIVE,PALEOGENE,180.0,0.68,24.0,47.0,5.64,320.0,259.0,60.0
1P ,NORTH AMERICA,POWDER RIVER,415.0,20.0,ONSHORE,110.0,2560.2285764842723,GAS DRIVE,CRETACEOUS,40.0,0.6,24.0,37.0,1.9,250.0,243.0,56.0
2C ,AFRICA,MORONDAVA,22.0,0.0,ONSHORE,104.2322183960465,79.7974254134433,AQUIFER DRIVE,TRIASSIC,900.0,0.6,19.5,11.0,2300.0,500.0,10000.0,10.0
1P ,EUROPE,NORTH SEA NORTHERN,119.0,60.0,OFFSHORE,207.0,4900.0,AQUIFER DRIVE,JURASSIC,500.0,0.85,17.0,37.0,0.55,1200.0,2917.0,35.4
1P ,EUROPE,NORTH SEA NORTHERN,9.0,0.0,OFFSHORE,215.0,5300.0,AQUIFER DRIVE,TRIASSIC,1000.0,0.5,17.0,36.0,0.7,750.0,324.0,44.0
1P ,EUROPE,NORTH SEA NORTHERN,3.0,0.0,OFFSHORE,207.0,4900.0,AQUIFER DRIVE,JURASSIC,300.0,0.4,14.0,38.0,0.7,960.0,131.0,44.0
1P ,EUROPE,NORTH SEA NORTHERN,5.0,0.0,OFFSHORE,207.0,4900.0,AQUIFER DRIVE,JURASSIC,180.0,0.8,18.0,37.0,0.7,960.0,290.0,44.0
1P ,FORMER SOVIET UNION,CARPATHIAN,600.0,44.0,ONSHORE,64.0,3597.0,AQUIFER DRIVE,PALEOGENE,200.0,0.6,10.0,44.0,1.3,610.0,943.0,14.0
1P ,ASIA-PACIFIC,SARAWAK,22.0,0.0,OFFSHORE,119.9230641091926,948.0,AQUIFER DRIVE,NEOGENE,200.0,0.35,23.0,20.0,10.0,200.0,800.0,34.4
1P ,AFRICA,NIGER DELTA,4.0,500.0,OFFSHORE,154.0737283083929,2416.017463049922,GAS DRIVE,NEOGENE,60.0,0.9,30.0,30.0,1.83,900.0,1468.0,47.0
1P ,AFRICA,NIGER DELTA,22.0,0.0,OFFSHORE,164.53429211715695,2906.335248726714,GAS DRIVE,NEOGENE,200.0,0.6,30.0,30.0,1.83,900.0,1000.0,44.0
1P ,FORMER SOVIET UNION,CARPATHIAN,1675.0,12.0,ONSHORE,129.0,3336.0,AQUIFER DRIVE,PALEOGENE/CRETACEOUS,200.0,0.68,13.0,33.0,4.0,500.0,734.0,39.0
1P ,LATIN AMERICA,MARACAIBO,601.0,90.0,ONSHORE,180.0,3450.0,GAS DRIVE,PALEOGENE,200.0,0.5,24.6,10.5,344.0,108.0,36840.0,6.7
3P ,LATIN AMERICA,EASTERN VENEZUELA,22.0,0.0,ONSHORE,140.0,598.9574337771052,AQUIFER DRIVE,NEOGENE/PALEOGENE,1700.0,0.6,20.0,7.0,10000.0,70.0,489000.0,20.0
1P ,EUROPE,NORTH SEA NORTHERN,8.0,158.0,OFFSHORE,246.0,7057.0,AQUIFER DRIVE,JURASSIC,801.0,0.6,11.5,33.0,0.7,1415.0,244.0,29.0
1P ,EUROPE,NORTH SEA NORTHERN,47.0,100.0,OFFSHORE,253.0,7128.0,AQUIFER DRIVE,JURASSIC,801.0,0.75,11.5,35.0,0.27,1343.0,795.0,36.0
1P ,EUROPE,NORTH SEA NORTHERN,56.0,241.0,OFFSHORE,189.0,3118.0,AQUIFER DRIVE,JURASSIC,123.0,0.3,22.0,37.8,0.57,522.0,1036.0,36.0
1P ,EUROPE,NORTH SEA NORTHERN,45.0,241.0,OFFSHORE,208.0,3539.0,AQUIFER DRIVE,JURASSIC/TRIASSIC,312.0,0.8,24.0,36.0,0.79,336.0,963.0,36.0
1P ,ASIA-PACIFIC,GIPPSLAND,49.0,160.0,OFFSHORE,214.0,2777.0,AQUIFER DRIVE,PALEOGENE,106.0,0.65,21.0,45.0,0.2,1300.0,226.0,44.0
1P ,EUROPE,NORTH SEA NORTHERN,173.0,210.0,OFFSHORE,204.0,5785.0,AQUIFER DRIVE,JURASSIC,810.0,0.58,21.0,30.0,0.26,1580.0,4990.0,54.0
1P ,EUROPE,NORTH SEA NORTHERN,22.0,210.0,OFFSHORE,207.0,6020.0,AQUIFER DRIVE,JURASSIC/TRIASSIC,850.0,0.61,23.0,34.0,0.23,2170.0,1610.0,54.84
1P ,NORTH AMERICA,GREATER GREEN RIVER,9.0,320.0,ONSHORE,225.0,7230.0,GAS DRIVE,CRETACEOUS,270.0,0.29,12.8,40.0,0.52,859.0,63.0,21.6
1P ,AFRICA,SIRT,22.0,0.0,ONSHORE,293.0,6898.0,AQUIFER DRIVE,CRETACEOUS,1000.0,0.5,12.5,41.0,0.21,2100.0,3900.0,59.0
2P ,ASIA-PACIFIC,WESTERN,28.0,0.0,OFFSHORE,116.0,1600.0,AQUIFER DRIVE,NEOGENE,2624.67,0.6,30.0,27.0,8.5,4.0,1000.0,24.97
1P ,LATIN AMERICA,EASTERN VENEZUELA,22.0,40.0,ONSHORE,153.4584010255244,1600.0,AQUIFER DRIVE,NEOGENE/PALEOGENE,170.0,0.6,18.0,30.0,0.7,300.0,622.0,73.0
1P ,NORTH AMERICA,GULF OF MEXICO NORTHERN OFFSHORE,24.0,85.0,OFFSHORE,162.0,8550.0,AQUIFER DRIVE,NEOGENE,330.0,0.6,32.0,29.0,0.86,1760.0,346.0,41.0
1P ,ASIA-PACIFIC,TARAKAN,22.0,0.0,ONSHORE,207.99,1385.7,AQUIFER DRIVE,NEOGENE,8202.1,0.08,25.0,33.24,33.0,240.0,1000.0,33.33
1P ,EUROPE,NORTH SEA CENTRAL,10.0,450.0,OFFSHORE,196.2851799131702,4628.0,GAS DRIVE,JURASSIC,486.0,0.54,24.0,32.6,0.7,271.0,1200.0,46.0
1P ,ASIA-PACIFIC,JUNGGAR,121.0,31.5,ONSHORE,172.4,3162.0,AQUIFER DRIVE,JURASSIC,967.85,0.46,20.0,39.8,1.55,393.0,92.2,55.7
1P ,ASIA-PACIFIC,JUNGGAR,220.0,32.0,ONSHORE,170.2,3085.0,GAS DRIVE,JURASSIC,459.32,0.6,16.0,39.0,3.35,505.0,175.3,31.1
1P ,LATIN AMERICA,LLANOS,178.0,0.0,ONSHORE,207.0,3213.0,AQUIFER DRIVE,PALEOGENE,235.0,0.61,24.0,29.5,4.0,8.0,1800.0,65.0
1P ,EUROPE,NORTH SEA CENTRAL,54.0,90.0,OFFSHORE,87.0,1340.0,AQUIFER DRIVE,CRETACEOUS,78.74,0.95,31.0,20.0,88.0,130.0,1000.0,33.0
2P ,LATIN AMERICA,EASTERN VENEZUELA,350.0,22.0,ONSHORE,131.0,1143.0,GAS DRIVE,NEOGENE,940.0,0.4,32.0,8.5,5500.0,90.0,24200.0,12.0
1P ,NORTH AMERICA,WESTERN CANADA,30.0,320.0,ONSHORE,173.0,4188.0,GAS DRIVE,CRETACEOUS,300.0,0.02,11.0,42.0,0.25,1700.0,69.0,25.0
1P ,NORTH AMERICA,WESTERN CANADA,22.0,1480.0,ONSHORE,192.0,2597.0,GAS DRIVE,CRETACEOUS,160.0,0.06,9.5,39.0,0.7,500.0,130.0,11.0
1P ,NORTH AMERICA,VENTURA,200.0,5.0,OFFSHORE,125.0,1500.0,AQUIFER DRIVE,NEOGENE,2000.0,0.75,28.0,25.0,8.0,270.0,521.0,44.0
1P ,LATIN AMERICA,MIDDLE MAGDALENA,22.0,13.0,ONSHORE,132.0,1760.0,GAS DRIVE,NEOGENE/PALEOGENE,2600.0,0.24,24.0,20.0,32.0,220.0,1300.0,24.0
1P ,NORTH AMERICA,SANTA MARIA,22.0,5.0,ONSHORE,79.0,1900.0,GAS DRIVE,NEOGENE,1000.0,0.3,30.0,18.0,0.7,500.0,1000.0,44.0
1P ,EUROPE,AQUITAINE,14.0,0.0,ONSHORE,234.0,4583.0,AQUIFER DRIVE,CRETACEOUS,197.0,0.67,12.0,37.6,1.2,170.0,61.3,54.6
1P ,EUROPE,AQUITAINE,27.0,60.0,ONSHORE,201.0,3541.0,AQUIFER DRIVE,CRETACEOUS,656.0,0.1,18.0,34.4,2.0,60.0,171.1,33.0
1P ,EUROPE,AQUITAINE,50.0,60.0,ONSHORE,201.0,3541.0,AQUIFER DRIVE,CRETACEOUS,853.0,0.23,16.0,36.0,1.6,110.0,233.0,38.6
1P ,AFRICA,RIO MUNI,10.0,350.0,OFFSHORE,205.0,3493.0,GAS DRIVE,CRETACEOUS,770.0,0.6,26.0,31.0,0.7,575.0,1000.0,44.0
1P ,NORTH AMERICA,WESTERN CANADA,22.0,10.0,ONSHORE,70.0,421.0,GAS DRIVE,CRETACEOUS,150.0,0.73,34.0,12.0,3000.0,5.6,1303.0,9.1
1P ,LATIN AMERICA,NEUQUEN,22.0,22.24,ONSHORE,185.0,3769.82,AQUIFER DRIVE,JURASSIC,2290.03,0.44,12.5,45.38,3.0,500.0,1000.0,34.7
1P ,LATIN AMERICA,MARACAIBO,137.0,22.0,ONSHORE-OFFSHORE,190.37803799763284,4117.7086015752575,AQUIFER DRIVE,NEOGENE,1800.0,0.6,24.0,30.0,0.7,500.0,1000.0,44.0
1P ,LATIN AMERICA,MARACAIBO,95.0,0.0,ONSHORE-OFFSHORE,302.0,7100.0,AQUIFER DRIVE,PALEOGENE,3000.0,0.4,14.0,22.5,0.7,1010.0,5200.0,22.0
1P ,LATIN AMERICA,MARACAIBO,35.0,0.0,OFFSHORE,309.0,9550.0,AQUIFER DRIVE,PALEOGENE,3000.0,0.4,15.0,37.0,0.25,585.0,2780.0,17.0
1P ,ASIA-PACIFIC,BROWSE,16.0,240.0,OFFSHORE,158.0,2078.0,AQUIFER DRIVE,TRIASSIC,656.0,0.8,29.0,40.0,0.7,349.0,1000.0,50.0
1P ,ASIA-PACIFIC,NW BORNEO-SABAH,260.0,0.0,OFFSHORE,129.0,1102.0,GAS DRIVE,NEOGENE,8858.0,0.5,25.0,22.0,5.0,496.0,2684.0,27.0
1P ,ASIA-PACIFIC,SONGLIAO,2981.0,7.0,ONSHORE,138.0,1221.0,GAS DRIVE,CRETACEOUS,820.0,0.12,17.0,32.0,10.4,123.0,1199.0,21.0
1P ,LATIN AMERICA,NEUQUEN,299.0,30.0,ONSHORE,187.0,3058.0,GAS DRIVE,JURASSIC,490.0,0.13,15.0,33.0,1.46,600.0,893.0,21.0
1P ,EUROPE,PARIS,321.0,40.0,ONSHORE,85.0,798.0,AQUIFER DRIVE,CRETACEOUS,28.0,0.6,27.0,27.0,40.0,3.0,39.0,42.3
1P ,EUROPE,PARIS,321.0,40.0,ONSHORE,85.0,798.0,AQUIFER DRIVE,CRETACEOUS,20.0,0.6,27.0,27.0,40.0,3.0,39.0,42.3
1P ,EUROPE,PARIS,94.0,80.0,ONSHORE,212.0,3350.0,GAS DRIVE,TRIASSIC,217.0,0.38,13.0,37.0,1.54,96.0,235.0,34.0
2P ,FORMER SOVIET UNION,NORTH SAKHALIN,22.0,0.0,OFFSHORE,180.08976582807196,2900.0,AQUIFER DRIVE,NEOGENE,130.0,0.4,23.0,23.5,6.0,178.0,1000.0,44.0
2P ,FORMER SOVIET UNION,NORTH SAKHALIN,9.0,440.0,OFFSHORE,167.0,3343.0,GAS DRIVE,NEOGENE,620.0,0.4,22.0,38.0,0.7,900.0,1000.0,44.0
1P ,FORMER SOVIET UNION,CASPIAN SOUTH,400.0,0.0,ONSHORE,198.0,4713.0,AQUIFER DRIVE,NEOGENE,7500.0,0.35,19.0,35.0,2.0,2000.0,492.0,35.0
1P ,ASIA-PACIFIC,BOHAI,345.0,62.0,OFFSHORE,130.0,2020.0,AQUIFER DRIVE,NEOGENE,945.0,0.25,33.8,26.0,64.8,152.0,1688.0,31.4
1P ,ASIA-PACIFIC,BOHAI,304.0,14.0,ONSHORE,158.0,1679.0,GAS DRIVE,NEOGENE,200.0,0.3,34.0,18.0,60.0,99.0,429.0,42.0
1P ,LATIN AMERICA,TAMPICO-MISANTLA,22.0,51.0,ONSHORE,161.0,2700.0,GAS DRIVE,PALEOGENE,960.0,0.6,10.0,30.0,5.0,450.0,13436.0,6.2
1P ,LATIN AMERICA,NEUQUEN,22.0,26.0,ONSHORE,149.0,782.0,GAS DRIVE,CRETACEOUS,200.0,0.35,18.0,38.0,1.2,1432.0,500.0,44.0
1P ,LATIN AMERICA,NEUQUEN,22.0,26.0,ONSHORE,108.0,920.0,GAS DRIVE,CRETACEOUS,98.0,0.65,17.0,38.0,1.0,500.0,500.0,44.0
1P ,AFRICA,MAURITANIAN SALT,9.0,0.0,OFFSHORE,170.0,2350.839808222133,AQUIFER DRIVE,NEOGENE,820.21,0.15,27.0,33.0,1.5,480.0,1000.0,44.0
1P ,ASIA-PACIFIC,SUNDA,120.0,0.0,OFFSHORE,208.0,1503.0,AQUIFER DRIVE,PALEOGENE,200.0,0.6,26.0,34.0,5.47,110.0,610.5,44.0
1P ,NORTH AMERICA,GULF OF MEXICO NORTHERN ONSHORE,468.0,40.0,ONSHORE,220.0,5351.0,GAS DRIVE,CRETACEOUS,800.0,0.25,13.3,43.7,0.7,170.0,537.0,32.8
1P ,EUROPE,FAEROE-SHETLAND,15.0,0.0,OFFSHORE,157.0,2776.0,GAS DRIVE,CARBONIFEROUS/DEVONIAN,3300.0,0.47,13.5,24.0,6.0,250.0,1500.0,16.6
1P ,EUROPE,NORTH SEA CENTRAL,62.0,70.0,OFFSHORE,170.0,3785.0,AQUIFER DRIVE,JURASSIC,200.0,0.9,21.5,28.5,4.75,120.0,1453.0,42.1
1P ,EUROPE,NORTH SEA CENTRAL,26.0,200.0,OFFSHORE,297.0,6458.0,GAS DRIVE,JURASSIC,650.0,0.6,20.0,37.5,0.57,340.0,380.0,38.0
1P ,NORTH AMERICA,SAN JOAQUIN,6000.0,6.0,ONSHORE,100.0,368.2196522821444,GAS DRIVE,NEOGENE,500.0,0.6,34.0,17.0,180.0,500.0,1000.0,44.0
1P ,NORTH AMERICA,GULF OF MEXICO NORTHERN OFFSHORE,200.0,0.0,OFFSHORE,161.0,4393.0,AQUIFER DRIVE,NEOGENE,2275.0,0.15,31.0,35.0,0.7,1045.0,454.0,44.0
1P ,NORTH AMERICA,WESTERN CANADA,22.0,5.0,ONSHORE,60.0,440.0,COMPACTION,CRETACEOUS,200.0,0.7,35.0,11.0,50000.0,50.0,59000.0,20.0
1P ,NORTH AMERICA,WESTERN CANADA,22.0,0.0,ONSHORE,50.0,400.0,AQUIFER DRIVE,CRETACEOUS,200.0,0.3,34.0,12.0,150000.0,55.0,109000.0,25.0
1P ,NORTH AMERICA,GULF OF MEXICO NORTHERN ONSHORE,1100.0,20.0,ONSHORE,170.0,2175.0,AQUIFER DRIVE,PALEOGENE,575.0,0.21,32.0,38.0,0.33,535.0,1417.0,57.0
1P ,EUROPE,NORTH SEA NORTHERN,22.0,0.0,OFFSHORE,225.0,5165.0,AQUIFER DRIVE,JURASSIC,300.0,0.75,20.0,35.0,0.9,480.0,1625.0,41.2
1P ,LATIN AMERICA,MARANON,22.0,135.0,ONSHORE,223.48264581595677,4368.0,AQUIFER DRIVE,CRETACEOUS,720.0,0.7,20.0,25.0,2.81,85.0,425.0,32.0
1P ,NORTH AMERICA,WESTERN CANADA,400.0,40.0,ONSHORE,95.0,1585.0,GAS DRIVE,CRETACEOUS,150.0,0.6,22.0,25.0,5.0,475.0,347.0,37.0
1P ,NORTH AMERICA,WESTERN CANADA,25.0,40.0,ONSHORE,100.0,1596.0,GAS DRIVE,CRETACEOUS,200.0,0.6,24.0,28.0,5.8,263.0,27.8,36.0
1P ,NORTH AMERICA,WESTERN CANADA,22.0,0.0,ONSHORE,97.0,1586.0,GAS DRIVE,CRETACEOUS,200.0,0.6,25.0,25.0,5.0,253.0,84.0,65.0
1P ,NORTH AMERICA,WESTERN CANADA,14.0,40.0,ONSHORE,95.0,1584.0,GAS DRIVE,CRETACEOUS,200.0,0.6,26.0,25.0,6.0,337.0,14.4,67.0
1P ,NORTH AMERICA,WESTERN CANADA,80.0,80.06,ONSHORE,168.8,1498.09,AQUIFER DRIVE,CRETACEOUS,33.01,0.95,10.5,41.06,2.35,450.0,112.0,20.9
1P ,LATIN AMERICA,LLANOS,55.0,0.0,ONSHORE,262.0,6050.0,GAS DRIVE,PALEOGENE,223.0,0.61,7.7,36.4,0.28,4500.0,310.0,24.0
1P ,LATIN AMERICA,LLANOS,55.0,0.0,ONSHORE,262.0,6050.0,GAS DRIVE,CRETACEOUS,437.0,0.71,10.9,36.4,0.28,4500.0,392.0,24.0
1P ,LATIN AMERICA,LLANOS,55.0,500.0,ONSHORE,261.0,5950.0,GAS DRIVE,PALEOGENE,400.0,0.57,8.5,36.4,0.21,4500.0,2064.0,42.0
1P ,NORTH AMERICA,WESTERN CANADA,1475.0,40.0,ONSHORE,82.0,750.0,GAS DRIVE,CRETACEOUS,47.0,0.4,13.0,38.0,9.1,890.0,1000.0,29.0
1P ,NORTH AMERICA,SAN JOAQUIN,725.0,0.0,ONSHORE,130.0,1100.0,GAS DRIVE,NEOGENE,200.0,0.6,25.0,28.0,0.7,340.0,1000.0,44.0
1P ,NORTH AMERICA,SAN JOAQUIN,5054.0,0.0,ONSHORE,130.0,1100.0,GAS DRIVE,NEOGENE,200.0,0.6,40.0,13.0,1800.0,340.0,1000.0,44.0
1P ,NORTH AMERICA,SAN JOAQUIN,119.0,0.6,ONSHORE,100.0,450.0,GAS DRIVE,NEOGENE,575.0,0.6,58.0,13.5,1000.0,500.0,512.0,8.0
1P ,NORTH AMERICA,SAN JOAQUIN,1498.0,1.0,ONSHORE,103.0,375.0,AQUIFER DRIVE,NEOGENE,550.0,0.6,35.0,13.0,1800.0,1.0,1000.0,44.0
1P ,LATIN AMERICA,EASTERN VENEZUELA,22.0,40.0,ONSHORE,180.0,2500.0,AQUIFER DRIVE,NEOGENE,2500.0,0.45,30.0,19.0,10.0,200.0,1700.0,44.0
1P ,AFRICA,LOWER CONGO,22.0,556.0,OFFSHORE,124.0,3263.0,GAS DRIVE,NEOGENE,200.0,0.6,30.0,22.0,5.5,400.0,1000.0,44.0
1P ,ASIA-PACIFIC,SONGLIAO,23328.0,4.0,ONSHORE,113.0,1568.0,AQUIFER DRIVE,CRETACEOUS,1640.0,0.34,25.0,33.0,8.5,258.0,30535.0,51.0
1P ,ASIA-PACIFIC,SONGLIAO,2641.0,16.0,ONSHORE,116.0,1595.0,GAS DRIVE,CRETACEOUS,1280.0,0.29,25.7,31.0,10.3,235.0,5943.0,48.2
1P ,ASIA-PACIFIC,SONGLIAO,13814.0,5.6,ONSHORE,113.0,1554.0,GAS DRIVE,CRETACEOUS,1558.0,0.3,25.0,33.0,8.7,221.0,18780.0,52.0
1P ,ASIA-PACIFIC,SONGLIAO,7647.0,10.0,ONSHORE,123.0,1632.0,AQUIFER DRIVE,CRETACEOUS,900.0,0.22,25.6,34.2,6.74,213.0,5837.0,58.4
1P ,ASIA-PACIFIC,SONGLIAO,3788.0,10.0,ONSHORE,123.0,1632.0,AQUIFER DRIVE,CRETACEOUS,980.0,0.22,25.6,34.2,6.74,213.0,3938.0,60.5
1P ,ASIA-PACIFIC,SONGLIAO,873.0,10.0,ONSHORE,120.0,1610.0,AQUIFER DRIVE,CRETACEOUS,600.0,0.6,25.6,34.2,6.74,213.0,1899.0,54.1
1P ,NORTH AMERICA,GULF OF MEXICO NORTHERN ONSHORE,22.0,0.0,ONSHORE,135.0,1547.0,AQUIFER DRIVE,CRETACEOUS,200.0,0.6,32.3,42.0,0.7,455.0,321.0,69.0
1P ,NORTH AMERICA,GULF OF MEXICO NORTHERN ONSHORE,28.0,40.0,ONSHORE,135.0,1556.0,GAS DRIVE,CRETACEOUS,200.0,0.6,32.2,40.0,3.0,462.0,8.35,47.03
1P ,AFRICA,NIGER DELTA,17.0,0.0,OFFSHORE,225.0,3936.0,GAS DRIVE,NEOGENE,200.0,0.6,28.0,39.0,0.25,1077.0,1000.0,38.0
1P ,AFRICA,NIGER DELTA,14.0,0.0,OFFSHORE,225.0,3829.0,GAS DRIVE,NEOGENE,200.0,0.6,26.5,39.0,0.25,1030.0,378.0,47.0
1P ,NORTH AMERICA,GULF OF MEXICO NORTHERN OFFSHORE,6.0,300.0,OFFSHORE,98.0,6204.0,AQUIFER DRIVE,NEOGENE,75.0,0.6,31.0,35.0,5.23,485.0,35.3,36.5
1P ,FORMER SOVIET UNION,CASPIAN SOUTH,50.0,0.0,OFFSHORE,138.0,4974.0,AQUIFER DRIVE,NEOGENE,10500.0,0.28,17.0,39.5,0.5,500.0,292.0,33.0
1P ,FORMER SOVIET UNION,CARPATHIAN,289.0,18.0,ONSHORE,167.0,4627.0,AQUIFER DRIVE,PALEOGENE,870.0,0.65,12.0,36.0,1.0,1060.0,823.0,34.0
1P ,NORTH AMERICA,PERMIAN,101.0,30.0,ONSHORE,120.0,3300.0,GAS DRIVE,DEVONIAN,210.0,0.4,14.0,40.0,0.4,1270.0,146.0,58.2
1P ,ASIA-PACIFIC,BOHAI,1277.0,17.0,ONSHORE,173.02580862074188,3115.0,GAS DRIVE,PALEOGENE,200.0,0.2,27.0,25.0,8.0,220.0,1754.0,35.0
1P ,EUROPE,IRISH SEA EAST,11.0,0.0,OFFSHORE,86.0,1125.0,AQUIFER DRIVE,TRIASSIC,650.0,0.9,16.0,44.0,0.7,170.0,202.0,50.0
1P ,EUROPE,MID-NORWAY SHELF,14.0,1111.97,OFFSHORE,154.4,2392.98,AQUIFER DRIVE,JURASSIC,200.0,0.6,30.0,40.0,0.74,331.26,1000.0,54.4
1P ,ASIA-PACIFIC,MALAY,118.0,120.0,OFFSHORE,205.0,1665.0,GAS DRIVE,NEOGENE,1800.0,0.6,30.0,39.0,0.85,400.0,1083.0,38.0
1P ,EUROPE,NORTH SEA NORTHERN,26.0,400.0,OFFSHORE,266.0,8267.0,AQUIFER DRIVE,JURASSIC,500.0,0.75,15.0,43.0,0.12,2800.0,846.0,29.0
1P ,EUROPE,NORTH SEA NORTHERN,41.0,80.0,OFFSHORE,210.0,6020.0,AQUIFER DRIVE,JURASSIC,450.0,0.6,23.0,35.0,1.73,220.0,827.0,47.0
1P ,ASIA-PACIFIC,SUMATRA CENTRAL,22.0,11.63,ONSHORE,100.94,267.0,AQUIFER DRIVE,NEOGENE,500.0,0.6,34.0,20.0,150.0,15.0,1000.0,60.0
1P ,FORMER SOVIET UNION,CASPIAN SOUTH,22.0,0.0,OFFSHORE,145.0,6815.0,AQUIFER DRIVE,NEOGENE,8200.0,0.25,18.0,33.0,0.7,500.0,385.0,36.4
1P ,NORTH AMERICA,GULF OF MEXICO NORTHERN OFFSHORE,22.0,40.0,OFFSHORE,108.0,2465.0,AQUIFER DRIVE,NEOGENE,400.0,0.85,28.0,32.0,0.7,2078.0,16.6,34.0
1P ,NORTH AMERICA,FOSSIL,30.0,80.0,ONSHORE,233.450947798426,460.0,GAS DRIVE,JURASSIC/TRIASSIC,900.0,0.6,14.1,105.0,0.18,2960.0,299.0,49.0
1P ,NORTH AMERICA,GULF OF MEXICO NORTHERN ONSHORE,31000.0,4.2,ONSHORE,146.0,1635.0,AQUIFER DRIVE,CRETACEOUS,51.0,0.73,25.2,39.0,0.98,357.0,7000.0,78.4
1P ,LATIN AMERICA,CAMPECHE,22.0,160.0,OFFSHORE,240.0,8050.0,GAS DRIVE,JURASSIC,200.0,0.6,21.0,27.0,0.7,169.0,1240.0,15.0
1P ,AFRICA,GHADAMES,148.0,110.0,ONSHORE,180.0,3770.0,GAS DRIVE,TRIASSIC,353.0,0.5,17.0,42.0,0.29,1400.0,1425.0,59.0
1P ,LATIN AMERICA,EASTERN VENEZUELA,77.0,200.0,ONSHORE,287.0,11500.0,GAS DRIVE,PALEOGENE/CRETACEOUS,2400.0,0.75,13.0,30.0,0.4,2900.0,8097.0,49.0
1P ,NORTH AMERICA,CHEROKEE,375.0,6.4,ONSHORE,70.0,200.0,GAS DRIVE,PERMIAN,40.0,0.37,28.0,37.0,4.0,500.0,108.0,34.0
1P ,LATIN AMERICA,EASTERN VENEZUELA,163.0,350.0,ONSHORE,290.0,11258.0,GAS DRIVE,NEOGENE/PALEOGENE,1600.0,0.55,15.0,26.0,0.5,950.0,8600.0,48.0
1P ,LATIN AMERICA,EASTERN VENEZUELA,22.0,0.0,ONSHORE,295.0,10450.0,GAS DRIVE,CRETACEOUS,1000.0,0.6,12.0,26.0,0.5,950.0,617.0,64.0
1P ,AFRICA,GULF OF SUEZ,22.0,30.0,OFFSHORE,174.0,2990.0,GAS DRIVE,NEOGENE,200.0,0.6,23.0,33.0,0.7,600.0,2700.0,56.0
1P ,LATIN AMERICA,NEUQUEN,22.0,15.57,ONSHORE,140.77232150008166,1493.45,AQUIFER DRIVE,JURASSIC,433.07,0.35,17.0,25.72,19.0,134.75,1000.0,41.0
1P ,LATIN AMERICA,GOLFO SAN JORGE,22.0,15.0,ONSHORE,214.0,2717.0,GAS DRIVE,CRETACEOUS,2900.26,0.5,15.0,21.0,18.0,500.0,1000.0,44.0
1P ,LATIN AMERICA,NEUQUEN,22.0,23.0,ONSHORE,134.0,925.0,GAS DRIVE,CRETACEOUS,200.0,0.35,18.0,36.0,1.1,690.0,280.0,51.8
1P ,LATIN AMERICA,NEUQUEN,22.0,23.0,ONSHORE,134.0,925.0,GAS DRIVE,CRETACEOUS,98.0,0.65,17.0,36.0,1.1,690.0,684.0,52.9
1P ,NORTH AMERICA,BIG HORN,19.0,40.0,ONSHORE,120.0,2234.0,GAS DRIVE,CARBONIFEROUS,250.0,0.6,17.0,30.0,0.7,310.0,510.0,44.0
1P ,NORTH AMERICA,SAN JOAQUIN,2600.0,12.0,ONSHORE,130.0,1500.0,AQUIFER DRIVE,NEOGENE,3000.0,0.6,30.0,26.0,20.0,140.0,1600.0,37.6
1P ,NORTH AMERICA,SAN JOAQUIN,903.0,10.0,ONSHORE,210.0,3155.0,GRAVITY DRAINAGE,NEOGENE,200.0,0.75,23.6,36.0,0.42,784.0,463.0,58.5
1P ,NORTH AMERICA,SAN JOAQUIN,903.0,10.0,ONSHORE,185.0,3135.0,GAS DRIVE,NEOGENE,200.0,0.7,22.0,36.0,0.5,765.0,1073.0,51.7
1P ,NORTH AMERICA,SAN JOAQUIN,903.0,20.0,ONSHORE,185.0,3135.0,GAS DRIVE,NEOGENE,700.0,0.65,20.0,36.0,0.55,746.0,610.0,48.0
1P ,AFRICA,LOWER CONGO,113.0,4.0,OFFSHORE,88.0,316.3036514457782,AQUIFER DRIVE,CRETACEOUS,200.0,0.6,35.0,23.0,100.0,67.0,5046.0,7.5
1P ,EUROPE,LOWER SAXONY,22.0,9.0,ONSHORE,99.0,1250.0,GAS DRIVE,CRETACEOUS,100.0,0.6,33.0,25.0,175.0,84.0,220.0,38.6
1P ,NORTH AMERICA,NORTH SLOPE,122.0,40.0,OFFSHORE,218.0,4870.0,GAS DRIVE,CARBONIFEROUS,800.0,0.5,22.0,23.0,1.0,763.0,1267.0,54.0
1P ,ASIA-PACIFIC,CARNARVON,6.0,0.0,OFFSHORE,165.2,3057.11,AQUIFER DRIVE,CRETACEOUS/JURASSIC,200.0,0.8,24.0,22.3,2.2,320.03,225.36,40.0
1P ,ASIA-PACIFIC,SABAH,52.0,90.0,OFFSHORE,178.6622065318171,3568.5526816172514,AQUIFER DRIVE,NEOGENE,550.0,0.6,20.0,30.0,0.5,500.0,317.0,45.0
1P ,AFRICA,IVORY COAST,27.0,300.0,OFFSHORE,162.0,3200.0,AQUIFER DRIVE,CRETACEOUS,750.0,0.55,21.0,32.0,0.7,500.0,471.0,31.0
1P ,LATIN AMERICA,POTIGUAR,1015.0,5.0,ONSHORE,100.0,262.0,AQUIFER DRIVE,CRETACEOUS,200.0,0.6,26.5,15.5,3500.0,500.0,723.0,60.0
1P ,AFRICA,GABON SOUTH,5.0,110.0,OFFSHORE,155.0,2900.0,AQUIFER DRIVE,CRETACEOUS,1650.0,0.6,28.0,36.0,3.6,150.0,156.0,37.2
1P ,NORTH AMERICA,GULF OF MEXICO NORTHERN OFFSHORE,209.0,0.0,OFFSHORE,130.0,2097.0,AQUIFER DRIVE,NEOGENE,3600.0,0.12,30.0,35.0,1.1,900.0,1309.0,45.53
1P ,FORMER SOVIET UNION,SIBERIAN WESTERN,1378.0,89.0,ONSHORE,153.0,3350.0,AQUIFER DRIVE,CRETACEOUS,200.0,0.48,24.0,33.6,1.4,438.0,8934.0,37.4
1P ,FORMER SOVIET UNION,SIBERIAN WESTERN,2436.0,60.0,ONSHORE,153.0,3350.0,AQUIFER DRIVE,CRETACEOUS/JURASSIC,200.0,0.48,25.3,28.3,4.81,281.0,21807.0,22.8
1P ,ASIA-PACIFIC,GIPPSLAND,22.0,340.0,OFFSHORE,230.0,3578.0,AQUIFER DRIVE,CRETACEOUS,148.0,0.9,20.0,46.7,0.7,1300.0,247.0,44.0
1P ,EUROPE,FAEROE-SHETLAND,22.0,0.0,OFFSHORE,137.0,3242.0,AQUIFER DRIVE,PALEOGENE,820.0,0.55,27.0,26.0,4.0,350.0,1138.0,34.6
1P ,NORTH AMERICA,PERMIAN,385.0,20.0,ONSHORE,83.0,1493.0,GAS DRIVE,PERMIAN,47.0,0.64,22.0,40.0,0.77,575.0,1000.0,31.5
1P ,NORTH AMERICA,GULF OF MEXICO NORTHERN ONSHORE,18.0,160.0,ONSHORE,274.0,10800.0,GAS DRIVE,PALEOGENE,127.0,0.27,19.0,45.0,0.13,2934.0,1000.0,38.1
1P ,NORTH AMERICA,GULF OF MEXICO NORTHERN ONSHORE,20.0,160.0,ONSHORE,267.0,10598.0,GAS DRIVE,PALEOGENE,40.0,0.63,20.0,44.0,0.13,2381.0,1000.0,45.3
1P ,LATIN AMERICA,EASTERN VENEZUELA,22.0,2.5,ONSHORE,120.0,1410.0,GAS DRIVE,NEOGENE,3000.0,0.6,31.0,30.0,16.0,200.0,1000.0,33.0
1P ,ASIA-PACIFIC,GIPPSLAND,42.0,153.21,OFFSHORE,219.2,3433.04,AQUIFER DRIVE,PALEOGENE,260.83,0.69,20.0,43.0,0.67,42.11,1000.0,67.5
1P ,EUROPE,NORTH SEA CENTRAL,94.0,260.0,OFFSHORE,205.0,3210.0,AQUIFER DRIVE,PALEOGENE,556.0,0.65,27.0,37.0,0.72,350.0,4196.0,61.0
1P ,NORTH AMERICA,GULF OF MEXICO NORTHERN ONSHORE,237.0,30.0,ONSHORE,163.0,2700.0,AQUIFER DRIVE,PALEOGENE,1000.0,0.4,30.7,29.2,1.14,385.0,935.0,67.0
1P ,EUROPE,NORTH SEA CENTRAL,28.0,80.0,OFFSHORE,285.0,5700.0,AQUIFER DRIVE,JURASSIC,200.0,0.94,23.0,40.0,0.42,614.0,822.0,69.0
1P ,ASIA-PACIFIC,NORTH JIANGSU,45.0,27.0,ONSHORE,150.8,3683.96,AQUIFER DRIVE,PALEOGENE,200.0,0.46,16.7,40.31,2.57,136.0,47.73,35.2
1P ,ASIA-PACIFIC,SONGLIAO,3496.0,2.5,ONSHORE,92.0,638.0,GAS DRIVE,CRETACEOUS,260.0,0.5,25.0,31.5,22.5,80.0,967.0,33.5
1P ,FORMER SOVIET UNION,CASPIAN SOUTH,22.0,0.0,ONSHORE,183.0,5771.0,AQUIFER DRIVE,NEOGENE,1800.0,0.27,20.0,26.0,1.2,720.0,128.0,36.0
1P ,ASIA-PACIFIC,CAMBAY,305.0,106.26,ONSHORE,277.5,4473.11,GAS DRIVE,PALEOGENE,590.55,0.44,20.0,99.0,0.25,400.0,293.8,37.34
1P ,ASIA-PACIFIC,BOHAI,456.0,10.0,ONSHORE,153.0,2260.0,AQUIFER DRIVE,NEOGENE,2900.0,0.29,32.0,25.0,6.55,292.0,397.0,53.9
1P ,EUROPE,NORTH SEA CENTRAL,5.0,0.0,OFFSHORE,200.29711379747263,4582.6452312876045,AQUIFER DRIVE,PALEOGENE,200.0,0.6,20.0,43.0,0.7,500.0,200.0,23.0
1P ,EUROPE,NORTH SEA CENTRAL,8.0,0.0,OFFSHORE,171.70900823540336,3242.635565255619,AQUIFER DRIVE,PALEOGENE,600.0,0.8,28.0,38.0,0.7,500.0,208.0,53.0
1P ,EUROPE,NORTH SEA CENTRAL,1.0,0.0,OFFSHORE,169.0,2640.0,AQUIFER DRIVE,PALEOGENE,500.0,0.73,28.0,20.0,17.0,114.0,190.0,18.32
1P ,EUROPE,NORTH SEA CENTRAL,1.0,0.0,OFFSHORE,177.92381379237492,3533.9420143930074,AQUIFER DRIVE,PALEOGENE,420.0,0.7,29.0,35.0,0.8,500.0,40.0,57.5
1P ,EUROPE,NORTH SEA CENTRAL,11.0,0.0,OFFSHORE,187.95364850313103,3300.0,AQUIFER DRIVE,PALEOGENE,170.0,0.7,30.0,38.0,0.7,500.0,254.18,43.0
1P ,NORTH AMERICA,WESTERN CANADA,200.0,320.0,ONSHORE,142.0,3384.0,GAS DRIVE,CRETACEOUS,300.0,0.07,12.0,39.0,0.59,612.0,171.5,12.5
1P ,NORTH AMERICA,WESTERN CANADA,200.0,320.0,ONSHORE,142.0,3384.0,GAS DRIVE,CRETACEOUS,300.0,0.14,12.0,39.0,0.59,612.0,343.0,12.5
1P ,ASIA-PACIFIC,QAIDAM,213.0,30.0,ONSHORE,259.0,8575.0,GAS DRIVE,PALEOGENE,754.59,0.2,13.9,38.0,1.76,337.0,292.0,48.5
1P ,ASIA-PACIFIC,QAIDAM,201.0,30.0,ONSHORE,153.0,2787.0,GAS DRIVE,NEOGENE,3927.17,0.6,13.8,32.0,6.8,233.0,335.0,28.6
1P ,ASIA-PACIFIC,QAIDAM,22.0,0.0,ONSHORE,104.2322183960465,2981.0,GAS DRIVE,NEOGENE,200.0,0.6,14.5,36.8,1.61,211.0,55.0,20.0
1P ,NORTH AMERICA,GULF OF MEXICO NORTHERN OFFSHORE,22.0,0.0,OFFSHORE,150.0,8200.0,AQUIFER DRIVE,NEOGENE,350.0,0.68,32.0,28.0,0.75,1920.0,318.0,33.0
1P ,ASIA-PACIFIC,COOPER,22.0,80.0,ONSHORE,222.0,2650.0,AQUIFER DRIVE,JURASSIC,560.0,0.6,18.0,48.0,0.65,146.0,13.1,44.0
1P ,AFRICA,LOWER CONGO,18.0,312.0,OFFSHORE,150.0,3843.0,AQUIFER DRIVE,PALEOGENE,790.0,0.44,27.0,32.0,1.1,680.0,1550.0,47.0
1P ,NORTH AMERICA,CHEROKEE,22.0,10.0,ONSHORE,95.0,600.0,GAS DRIVE,CARBONIFEROUS,110.0,0.75,21.0,37.0,5.0,350.0,1570.0,25.5
1P ,ASIA-PACIFIC,PAPUAN FTB,5.0,86.0,ONSHORE,192.6547489442462,2190.0,GAS DRIVE,JURASSIC,180.0,0.6,16.0,45.0,0.7,500.0,1000.0,44.0
1P ,ASIA-PACIFIC,PAPUAN FTB,8.0,139.0,ONSHORE,194.6730224320548,2360.0,GAS DRIVE,JURASSIC,170.0,0.6,19.0,45.0,0.7,500.0,1000.0,44.0
1P ,FORMER SOVIET UNION,CASPIAN SOUTH,1400.0,40.0,ONSHORE,109.0,3380.0,AQUIFER DRIVE,NEOGENE,7500.0,0.27,23.0,33.0,1.3,850.0,3500.0,48.0
1P ,EUROPE,NORTH SEA NORTHERN,21.0,0.0,OFFSHORE,168.0,2553.0,AQUIFER DRIVE,PALEOGENE,180.0,0.97,33.0,19.0,11.0,81.0,1315.0,55.6
1P ,AFRICA,MELUT,22.0,0.0,ONSHORE,183.0,1900.0,AQUIFER DRIVE,PALEOGENE,1300.0,0.6,29.0,24.0,184.0,58.0,2900.0,20.7
1P ,MIDDLE EAST,THE GULF,879.0,200.0,ONSHORE,136.0,2100.0,AQUIFER DRIVE,CRETACEOUS,1350.0,0.8,24.0,32.0,1.2,700.0,190000.0,45.8
1P ,AFRICA,MUGLAD,22.0,22.0,ONSHORE,147.0,1550.0,AQUIFER DRIVE,CRETACEOUS,2700.0,0.6,28.0,17.0,497.0,14.0,503.0,19.0
1P ,MIDDLE EAST,MESOPOTAMIAN,436.0,0.0,ONSHORE,210.0,5186.0,AQUIFER DRIVE,CRETACEOUS,402.0,0.7,20.0,34.0,5.5,640.0,40000.0,54.4
1P ,NORTH AMERICA,GULF OF MEXICO NORTHERN OFFSHORE,7.0,0.0,OFFSHORE,174.0,7910.0,COMPACTION,NEOGENE,102.0,0.45,31.0,26.0,0.75,1323.0,1000.0,42.0
1P ,ASIA-PACIFIC,CARNARVON,2.0,0.0,OFFSHORE,265.0,3892.0,AQUIFER DRIVE,CRETACEOUS,115.0,0.4,15.0,55.0,0.3,460.0,1000.0,30.0
1P ,ASIA-PACIFIC,CARNARVON,8.0,250.0,OFFSHORE,265.0,3892.0,AQUIFER DRIVE,CRETACEOUS,427.0,0.9,17.0,55.0,0.3,670.0,250.0,71.2
1P ,EUROPE,NORTH SEA NORTHERN,20.0,0.0,OFFSHORE,139.0,2450.0,AQUIFER DRIVE,PALEOGENE,400.0,0.9,32.0,21.5,5.9,274.0,1000.0,46.0
1P ,LATIN AMERICA,BARINAS-APURE,119.0,22.0,ONSHORE,194.0,3130.0,AQUIFER DRIVE,PALEOGENE,450.0,0.6,27.0,29.0,5.3,9.0,1200.0,52.0
1P ,LATIN AMERICA,BARINAS-APURE,84.0,22.0,ONSHORE,185.0,3130.0,AQUIFER DRIVE,PALEOGENE,200.0,0.6,26.0,30.0,4.5,9.0,372.0,52.4
1P ,LATIN AMERICA,UPPER MAGDALENA,70.0,10.0,ONSHORE,105.0,300.0,AQUIFER DRIVE,CRETACEOUS,690.0,0.86,17.0,29.0,0.7,500.0,350.0,34.0
1P ,ASIA-PACIFIC,JIANGHAN,38.0,22.0,ONSHORE,218.0,4122.0,AQUIFER DRIVE,PALEOGENE,1968.5,0.06,16.8,31.9,3.2,222.0,38.7,51.4
1P ,ASIA-PACIFIC,JIANGHAN,114.0,25.0,ONSHORE,192.0,4614.0,GAS DRIVE,PALEOGENE,131.23,0.11,14.2,34.5,2.7,212.0,101.0,48.9
1P ,ASIA-PACIFIC,BOHAI,182.0,36.0,ONSHORE,208.0,3800.0,AQUIFER DRIVE,PALEOGENE,300.0,0.2,24.0,28.0,7.0,137.0,317.0,40.0
1P ,ASIA-PACIFIC,BOHAI,2240.0,9.0,ONSHORE,145.0,1813.0,AQUIFER DRIVE,NEOGENE,790.0,0.46,33.0,16.2,65.0,174.0,2612.0,36.3
1P ,EUROPE,NORTH SEA NORTHERN,162.0,90.0,OFFSHORE,162.0,4498.0,GAS DRIVE,JURASSIC,980.0,0.6,30.0,39.0,0.7,810.0,2595.0,66.2
1P ,EUROPE,NORTH SEA NORTHERN,22.0,90.0,OFFSHORE,169.0,4600.0,GAS DRIVE,JURASSIC,460.0,0.6,25.0,39.0,0.7,645.0,1000.0,60.0
1P ,EUROPE,NORTH SEA NORTHERN,22.0,90.0,OFFSHORE,176.0,4715.0,GAS DRIVE,JURASSIC/TRIASSIC,630.0,0.6,26.0,39.0,0.7,915.0,1000.0,60.0
1P ,ASIA-PACIFIC,MALAY,95.0,200.0,OFFSHORE,212.0,2205.0,AQUIFER DRIVE,NEOGENE,3940.0,0.6,20.0,48.0,0.25,220.0,1258.0,46.0
1P ,EUROPE,NORTH SEA CENTRAL,31.0,240.0,OFFSHORE,320.0,8768.0,GAS DRIVE,JURASSIC,310.0,0.6,17.0,41.0,0.7,1100.0,540.0,45.0
1P ,ASIA-PACIFIC,GIPPSLAND,46.0,450.0,OFFSHORE,220.0,3415.0,AQUIFER DRIVE,PALEOGENE,505.0,0.61,20.0,43.0,3.02,90.0,1460.0,70.1
1P ,ASIA-PACIFIC,KUTAI,354.0,22.0,OFFSHORE,293.0,5022.0,AQUIFER DRIVE,NEOGENE,12500.0,0.6,18.0,33.5,2.6,420.0,2250.0,51.2
1P ,EUROPE,NORTH SEA NORTHERN,15.0,48.0,OFFSHORE,140.0,2580.0,GAS DRIVE,PALEOGENE,200.0,0.99,35.0,20.0,10.0,238.0,1000.0,44.0
1P ,ASIA-PACIFIC,CARNARVON,18.0,160.0,OFFSHORE,199.0,2793.0,AQUIFER DRIVE,CRETACEOUS,869.0,0.92,22.0,38.0,2.21,540.0,115.0,48.0
1P ,NORTH AMERICA,POWDER RIVER,211.0,160.0,ONSHORE,194.0,5000.0,GAS DRIVE,CRETACEOUS,40.0,0.6,12.0,36.0,1.02,292.0,353.0,36.2
1P ,AFRICA,BERKINE (GHADAMES),24.0,0.0,ONSHORE,197.0,5050.0,GAS DRIVE,TRIASSIC,148.0,0.44,17.0,42.0,0.7,1130.0,1000.0,50.0
1P ,AFRICA,OUED MYA-GHADAMES,1070.0,0.0,ONSHORE,258.0,6870.0,GAS DRIVE,CAMBRIAN,300.0,0.9,8.0,46.0,0.21,1150.0,41000.0,24.4
1P ,NORTH AMERICA,POWDER RIVER,11.0,40.0,ONSHORE,265.0,4472.0,GAS DRIVE,PERMIAN,140.0,0.45,13.0,36.0,0.7,163.0,10.0,47.7
1P ,NORTH AMERICA,GULF OF MEXICO NORTHERN ONSHORE,678.0,20.0,ONSHORE,168.0,1985.0,GAS DRIVE,CRETACEOUS,560.0,0.54,27.0,24.0,3.7,370.0,1572.0,63.0
1P ,MIDDLE EAST,RUB AL KHALI,150.0,250.0,ONSHORE,173.0,3656.233038585337,AQUIFER DRIVE,PERMIAN,200.0,0.75,20.0,49.5,0.7,500.0,1000.0,44.0
1P ,EUROPE,NORTH SEA NORTHERN,58.0,90.0,OFFSHORE,234.5,4950.0,GAS DRIVE,JURASSIC,224.0,0.48,14.5,34.5,0.53,800.0,488.0,30.0
1P ,EUROPE,MID-NORWAY SHELF,47.0,0.0,OFFSHORE,185.0,3640.0,GAS DRIVE,JURASSIC/TRIASSIC,673.0,0.5,27.0,23.5,2.3,438.0,1074.0,27.3
1P ,EUROPE,MID-NORWAY SHELF,89.0,0.0,OFFSHORE,185.0,3640.0,GAS DRIVE,JURASSIC/TRIASSIC,1280.0,0.66,27.0,25.5,1.65,510.0,3239.0,42.0
1P ,EUROPE,MID-NORWAY SHELF,47.0,0.0,OFFSHORE,185.0,3640.0,GAS DRIVE,JURASSIC,230.0,0.9,28.0,29.0,0.8,620.0,1091.0,65.0
1P ,EUROPE,MID-NORWAY SHELF,47.0,0.0,OFFSHORE,185.0,3640.0,GAS DRIVE,JURASSIC,394.0,0.82,25.0,24.5,1.85,475.0,1073.0,32.0
1P ,NORTH AMERICA,JEANNE D ARC,6.0,0.0,OFFSHORE,151.0,3882.0,AQUIFER DRIVE,CRETACEOUS,1180.0,0.3,20.0,31.8,1.3,540.0,1539.0,8.0
1P ,NORTH AMERICA,JEANNE D ARC,28.0,0.0,OFFSHORE,203.0,5729.0,GAS DRIVE,CRETACEOUS,650.0,0.5,16.0,34.6,0.55,1350.0,2029.0,54.0
1P ,NORTH AMERICA,POWDER RIVER,355.0,160.0,ONSHORE,203.91523822073927,4010.0,GAS DRIVE,CRETACEOUS,200.0,0.6,15.0,42.0,0.7,1250.0,300.0,28.0
1P ,NORTH AMERICA,GULF OF MEXICO NORTHERN OFFSHORE,6.0,300.0,OFFSHORE,140.0,6873.0,AQUIFER DRIVE,NEOGENE,87.0,0.8,34.0,29.0,5.23,1080.0,140.7,44.0
1P ,NORTH AMERICA,POWDER RIVER,206.0,160.0,ONSHORE,203.91523822073927,3241.0,GAS DRIVE,CRETACEOUS,40.0,0.4,13.0,36.0,0.7,839.0,159.0,28.3
1P ,ASIA-PACIFIC,JIANGHAN,56.0,22.0,ONSHORE,193.0,3832.0,AQUIFER DRIVE,PALEOGENE,1574.8,0.6,18.0,31.5,3.5,204.0,29.2,35.4
1P ,NORTH AMERICA,LOS ANGELES,22.0,0.0,ONSHORE-OFFSHORE,141.0,1214.0,AQUIFER DRIVE,NEOGENE,700.0,0.54,28.0,21.5,89.0,124.0,1000.0,35.0
1P ,NORTH AMERICA,LOS ANGELES,22.0,0.0,ONSHORE-OFFSHORE,146.23445872464853,1800.0,AQUIFER DRIVE,NEOGENE,800.0,1.0,27.0,20.5,0.8,500.0,1000.0,38.0
1P ,NORTH AMERICA,LOS ANGELES,22.0,0.0,ONSHORE-OFFSHORE,125.0,1140.0,AQUIFER DRIVE,NEOGENE,660.0,0.26,38.0,17.5,240.0,500.0,1000.0,11.0
1P ,NORTH AMERICA,LOS ANGELES,2216.0,0.0,ONSHORE-OFFSHORE,125.0,1140.0,AQUIFER DRIVE,NEOGENE,2160.0,0.62,27.0,19.83,109.93,500.0,1000.0,44.0
1P ,ASIA-PACIFIC,JUNGGAR,92.0,30.0,ONSHORE,130.0,2068.0,GAS DRIVE,PERMIAN,200.0,0.6,13.0,27.0,8.9,281.0,86.78,25.0
1P ,ASIA-PACIFIC,PAPUAN FTB,44.0,220.0,ONSHORE,140.0,2115.0,GAS DRIVE,CRETACEOUS,328.0,0.91,13.0,43.0,0.3,1000.0,1000.0,44.0
1P ,NORTH AMERICA,LOS ANGELES,989.0,2.0,ONSHORE,100.0,570.0,GAS DRIVE,NEOGENE,1200.0,0.45,32.0,18.7,25.3,140.0,1000.0,43.0
1P ,EUROPE,NORTH SEA CENTRAL,5.0,160.0,OFFSHORE,175.0,3510.0,AQUIFER DRIVE,JURASSIC,285.0,0.98,23.0,30.0,1.27,360.0,107.0,68.0
1P ,EUROPE,PANNONIAN,22.0,22.0,ONSHORE,208.0,2719.0,GAS DRIVE,NEOGENE,574.0,0.6,23.0,33.4,0.8,350.0,165.0,47.0
1P ,ASIA-PACIFIC,BROWSE,23.0,240.0,OFFSHORE,162.0,2363.0,AQUIFER DRIVE,JURASSIC,560.0,0.95,20.0,42.0,0.7,450.0,169.0,44.0
1P ,ASIA-PACIFIC,EROMANGA,44.0,50.0,ONSHORE,210.0,2215.0,AQUIFER DRIVE,JURASSIC,200.0,0.9,20.5,39.0,1.49,6.0,90.0,44.0
1P ,ASIA-PACIFIC,EROMANGA,44.0,50.0,ONSHORE,155.9197101569983,2502.5441311105324,AQUIFER DRIVE,JURASSIC,320.0,0.15,13.4,41.0,1.5,11.0,14.6,20.6
1P ,NORTH AMERICA,PERMIAN,575.0,40.0,ONSHORE,145.0,2700.0,GAS DRIVE,PERMIAN,150.0,0.6,12.0,49.0,0.17,2650.0,1000.0,15.0
1P ,ASIA-PACIFIC,BOHAI,63.0,15.0,ONSHORE,221.0,4569.0,GAS DRIVE,PALEOGENE,1180.0,0.25,17.0,27.5,1.9,386.0,51.6,48.2
1P ,NORTH AMERICA,WESTERN CANADA,22.0,40.0,ONSHORE,124.0,1140.0,GAS DRIVE,CRETACEOUS,115.0,0.09,13.2,40.0,1.0,376.0,89.0,49.0
1P ,NORTH AMERICA,GULF OF MEXICO NORTHERN OFFSHORE,32.0,20.0,OFFSHORE,122.0,5545.0,GAS DRIVE,NEOGENE,3700.0,0.1,31.0,34.0,0.7,1153.0,174.0,21.7
1P ,EUROPE,NORTH SEA NORTHERN,21.0,123.0,OFFSHORE,180.0,2915.0,AQUIFER DRIVE,PALEOGENE,196.85,0.6,28.0,36.0,0.7,350.0,1000.0,44.0
1P ,LATIN AMERICA,CAMPOS,15.0,0.0,OFFSHORE,334.0,4123.0,GAS DRIVE,CRETACEOUS,1150.0,0.73,28.0,17.0,14.0,258.0,3000.0,20.0
2P ,AFRICA,TANO,10.0,0.0,OFFSHORE,210.2,5259.07,GRAVITY DRAINAGE,CRETACEOUS,820.21,0.55,21.0,36.95,0.23,1431.72,2771.29,37.2
1P ,EUROPE,NORTH SEA CENTRAL,10.0,121.0,OFFSHORE,315.0,9070.0,GAS DRIVE,TRIASSIC,200.0,0.61,20.3,42.0,0.7,3750.0,471.0,27.0
1P ,AFRICA,GULF OF SUEZ,22.0,0.0,OFFSHORE,220.0,4608.02638725205,AQUIFER DRIVE,NEOGENE,200.0,0.6,18.5,33.0,0.65,544.0,1000.0,54.0
1P ,AFRICA,GULF OF SUEZ,22.0,0.0,OFFSHORE,280.0,5473.293067858153,AQUIFER DRIVE,PALEOZOIC,200.0,0.6,14.0,31.5,0.65,496.0,1000.0,44.0
2P ,LATIN AMERICA,EASTERN VENEZUELA,750.0,0.0,ONSHORE,108.0,578.0,GAS DRIVE,NEOGENE,700.0,0.5,32.0,9.0,2500.0,65.0,557000.0,44.0
1P ,NORTH AMERICA,GULF OF MEXICO NORTHERN OFFSHORE,8.0,0.0,OFFSHORE,225.0,15794.0,GAS DRIVE,NEOGENE,200.0,0.6,22.0,28.0,4.5,567.0,454.0,22.0
1P ,FORMER SOVIET UNION,USTYURT NORTH,2500.0,0.0,ONSHORE,100.0,1200.0,AQUIFER DRIVE,JURASSIC,200.0,0.5,28.0,24.0,19.0,100.0,3486.0,33.0
1P ,ASIA-PACIFIC,CAMBAY,22.0,120.0,ONSHORE,185.0,3371.0,GAS DRIVE,PALEOGENE,740.0,0.6,24.0,37.0,0.8,400.0,1165.0,21.0
1P ,FORMER SOVIET UNION,USTYURT NORTH,22.0,0.0,ONSHORE,99.0,840.0,AQUIFER DRIVE,JURASSIC,154.0,0.6,28.0,18.5,250.0,40.0,500.0,40.0
1P ,FORMER SOVIET UNION,USTYURT NORTH,1138.0,0.0,ONSHORE,75.0,450.0,AQUIFER DRIVE,CRETACEOUS,135.0,0.65,28.0,18.5,250.0,40.0,1170.0,41.0
1P ,ASIA-PACIFIC,JUNGGAR,22.0,2.0,ONSHORE,154.0,304.0,GAS DRIVE,JURASSIC,330.0,0.64,29.0,20.3,10000.0,28.0,545.0,44.0
1P ,FORMER SOVIET UNION,CASPIAN NORTH,22.0,0.0,ONSHORE,68.0,406.0,AQUIFER DRIVE,JURASSIC,394.0,0.6,30.0,24.0,219.0,200.0,592.0,30.0
1P ,NORTH AMERICA,SAN JOAQUIN,2271.0,2.5,ONSHORE,104.0,570.0,AQUIFER DRIVE,NEOGENE,700.0,0.45,36.5,14.0,4150.0,60.0,665.0,35.0
1P ,NORTH AMERICA,SAN JOAQUIN,15713.0,1.5,ONSHORE,90.0,79.7974254134433,GRAVITY DRAINAGE,NEOGENE,800.0,0.76,31.0,13.0,4000.0,5.0,4000.0,66.0
1P ,ASIA-PACIFIC,NATUNA WEST,14.0,0.0,OFFSHORE,167.0,1503.0,AQUIFER DRIVE,PALEOGENE,1500.0,0.6,21.0,51.0,0.39,711.0,241.0,23.0
1P ,ASIA-PACIFIC,NATUNA WEST,5.0,0.0,OFFSHORE,217.0,2506.0,AQUIFER DRIVE,NEOGENE/PALEOGENE,5800.0,0.24,23.0,46.0,0.48,550.0,42.5,62.0
1P ,MIDDLE EAST,THE GULF,180.0,32.0,OFFSHORE,159.9193374956434,2690.018578575188,AQUIFER DRIVE,CRETACEOUS,650.0,0.6,25.0,28.5,5.0,220.0,27000.0,33.3
1P ,AFRICA,MATRUH-SHUSHAN,22.0,116.0,ONSHORE,195.0,2550.0,GAS DRIVE,CRETACEOUS,100.0,0.6,20.5,38.0,6.5,16.0,113.5,23.3
1P ,FORMER SOVIET UNION,TIMAN-PECHORA,224.0,0.0,ONSHORE,190.0,6500.0,AQUIFER DRIVE,DEVONIAN,410.0,0.6,9.5,0.0,15.0,905.0,1000.0,44.0
1P ,FORMER SOVIET UNION,TIMAN-PECHORA,224.0,0.0,ONSHORE,167.9801249012204,2440.0,AQUIFER DRIVE,TRIASSIC/PERMIAN,200.0,0.6,20.0,0.0,0.7,500.0,1000.0,44.0
1P ,ASIA-PACIFIC,SABAH,15.0,0.0,OFFSHORE,166.63871142456713,3689.0,GAS DRIVE,NEOGENE,5350.0,0.6,22.0,35.5,0.7,650.0,500.0,36.0
1P ,ASIA-PACIFIC,GIPPSLAND,54.0,160.0,OFFSHORE,215.0,3303.0,AQUIFER DRIVE,PALEOGENE,200.0,0.75,21.0,47.0,2.15,363.0,1000.0,59.0
2P ,AFRICA,ALBERT,22.0,0.0,ONSHORE-OFFSHORE,189.76271071476435,3445.0,AQUIFER DRIVE,NEOGENE,330.0,0.34,23.0,31.0,0.7,235.0,600.0,33.0
1P ,NORTH AMERICA,POWDER RIVER,364.0,80.0,ONSHORE,184.0,4397.0,GAS DRIVE,CRETACEOUS,80.0,0.6,10.0,40.0,0.7,1050.0,1000.0,44.0
1P ,AFRICA,LOWER CONGO,22.0,0.0,OFFSHORE,134.51407383693956,1499.1981936133072,AQUIFER DRIVE,NEOGENE,574.15,0.6,25.0,31.14,12.0,623.22,1000.0,44.0
1P ,FORMER SOVIET UNION,VOLGA-URAL,22.0,0.0,ONSHORE,145.0,2552.0,AQUIFER DRIVE,CARBONIFEROUS,65.62,0.5,20.0,40.0,2.0,1300.0,616.0,66.0
1P ,ASIA-PACIFIC,SUMATRA CENTRAL,300.0,120.0,ONSHORE,260.0,2060.0,GAS DRIVE,NEOGENE,350.0,0.6,16.0,29.0,0.7,44.0,835.0,47.5
1P ,FORMER SOVIET UNION,VOLGA-URAL,113.0,119.0,ONSHORE,118.0,2669.0,AQUIFER DRIVE,CARBONIFEROUS,74.0,0.86,20.0,45.0,0.66,711.0,372.0,56.0
1P ,NORTH AMERICA,NORTH SLOPE,619.0,80.0,ONSHORE,155.0,3125.0,GAS DRIVE,CRETACEOUS,180.0,0.35,24.0,24.0,2.0,500.0,6452.0,47.0
1P ,NORTH AMERICA,NORTH SLOPE,619.0,80.0,ONSHORE,155.0,3125.0,GAS DRIVE,CRETACEOUS,150.0,0.25,23.0,24.0,2.0,500.0,3690.0,45.0
1P ,NORTH AMERICA,NORTH SLOPE,619.0,160.0,ONSHORE,155.0,3125.0,GAS DRIVE,CRETACEOUS,45.0,0.45,24.0,24.0,2.0,500.0,2160.0,53.0
1P ,ASIA-PACIFIC,SUMATRA CENTRAL,43.0,100.0,ONSHORE,158.9840400256833,2045.0,AQUIFER DRIVE,NEOGENE,600.0,0.6,24.0,45.0,0.7,17.0,150.0,33.3
1P ,NORTH AMERICA,GULF OF MEXICO NORTHERN ONSHORE,450.0,120.0,ONSHORE,230.0,3800.0,GAS DRIVE,CRETACEOUS,250.0,0.5,9.3,38.0,0.33,757.0,528.0,19.0
1P ,LATIN AMERICA,MIDDLE MAGDALENA,1720.0,10.7,ONSHORE,100.0,750.0,GAS DRIVE,NEOGENE/PALEOGENE,2300.0,0.3,27.0,24.0,12.0,150.0,3900.0,25.6
1P ,LATIN AMERICA,CHACO,82.0,50.0,ONSHORE,208.468660113966,3750.0,AQUIFER DRIVE,CARBONIFEROUS,200.0,0.6,23.0,42.0,0.45,500.0,51.6,48.0
1P ,LATIN AMERICA,CHACO,22.0,50.0,ONSHORE,208.468660113966,3700.0,GAS DRIVE,CARBONIFEROUS,394.0,0.21,21.0,42.0,0.45,500.0,33.8,48.0
1P ,LATIN AMERICA,CUYO,4.0,0.0,ONSHORE,230.0,2600.0,GAS DRIVE,TRIASSIC,200.0,0.6,20.1,29.0,10.0,84.0,1000.0,44.0
1P ,LATIN AMERICA,CUYO,405.0,0.0,ONSHORE,230.0,2600.0,GAS DRIVE,JURASSIC/TRIASSIC,1800.0,0.05,18.0,29.5,8.0,115.0,1271.0,36.5
1P ,LATIN AMERICA,ESPIRITO SANTO,74.0,12.0,ONSHORE,166.0,2247.0,AQUIFER DRIVE,PALEOGENE,295.28,0.24,23.0,30.0,1.5,438.0,67.0,49.2
1P ,LATIN AMERICA,MARACAIBO,101.0,22.0,OFFSHORE,165.45728304145965,2949.598582757019,AQUIFER DRIVE,NEOGENE,25.0,1.0,20.0,0.0,0.7,500.0,434.0,44.0
1P ,LATIN AMERICA,MARACAIBO,776.0,6.4,ONSHORE-OFFSHORE,128.0,1360.0,COMPACTION,NEOGENE,200.0,0.9,30.0,12.0,635.0,87.0,6621.0,16.2
1P ,LATIN AMERICA,MARACAIBO,1023.0,356.0,OFFSHORE,152.0,1785.0,AQUIFER DRIVE,NEOGENE,200.0,0.6,33.5,18.0,21.0,213.0,3800.0,44.8
1P ,LATIN AMERICA,MARACAIBO,22.0,103.0,OFFSHORE,159.30401021277493,2661.1763558883176,GRAVITY DRAINAGE,PALEOGENE,200.0,0.75,20.0,25.0,1.5,630.0,1000.0,44.0
1P ,ASIA-PACIFIC,ASSAM,266.0,16.0,ONSHORE,165.0,3533.0,AQUIFER DRIVE,NEOGENE,200.0,0.75,22.0,25.0,0.7,320.0,321.0,55.0
1P ,LATIN AMERICA,MARACAIBO,397.0,90.0,OFFSHORE,190.0,7100.0,AQUIFER DRIVE,PALEOGENE,3150.0,0.88,22.0,32.0,8.72,950.0,7600.0,40.1
1P ,LATIN AMERICA,MARACAIBO,121.0,90.0,OFFSHORE,220.0,4080.213712082327,GAS DRIVE,NEOGENE,60.0,0.55,25.0,31.0,8.72,800.0,750.0,29.9
1P ,ASIA-PACIFIC,BONAPARTE,6.0,0.0,OFFSHORE,257.0,4700.0,AQUIFER DRIVE,JURASSIC,360.0,0.9,17.0,0.0,0.26,190.0,422.0,58.0
1P ,ASIA-PACIFIC,CAMBAY,135.0,22.0,ONSHORE,149.0,1610.0,AQUIFER DRIVE,PALEOGENE,160.0,0.6,29.0,13.0,550.0,7.0,225.0,11.5
1P ,ASIA-PACIFIC,JIUQUAN,22.0,6.0,ONSHORE,60.0,560.0,GAS DRIVE,PALEOGENE,213.25,0.2,21.0,33.8,5.95,132.0,50.0,30.0
1P ,ASIA-PACIFIC,JIUQUAN,22.0,6.0,ONSHORE,86.0,1390.0,GAS DRIVE,PALEOGENE,180.0,0.35,23.0,33.4,3.25,343.0,176.0,51.0
1P ,ASIA-PACIFIC,JIUQUAN,22.0,6.0,ONSHORE,90.0,1350.0,GAS DRIVE,PALEOGENE,210.0,0.9,17.8,32.3,4.2,245.0,164.0,37.0
1P ,EUROPE,WESTERN BLACK SEA,22.0,0.0,OFFSHORE,184.58165499301185,3846.0148638649416,GAS DRIVE,CRETACEOUS,200.0,0.6,20.0,35.0,0.7,792.0,1000.0,44.0
1P ,ASIA-PACIFIC,CARNARVON,6.0,0.0,OFFSHORE,177.43352101338533,2780.0,AQUIFER DRIVE,CRETACEOUS,205.0,0.9,22.0,44.5,0.7,820.0,90.0,49.0
1P ,ASIA-PACIFIC,QAIDAM,84.0,3.9,ONSHORE,73.4,1176.0,GAS DRIVE,JURASSIC,2297.0,0.6,21.0,43.0,2.5,518.0,18.7,13.0
1P ,ASIA-PACIFIC,QAIDAM,246.0,3.6,ONSHORE,77.0,1278.0,AQUIFER DRIVE,PALEOGENE,1640.4,0.6,21.0,43.0,5.3,246.4,63.8,12.0
1P ,ASIA-PACIFIC,QAIDAM,181.0,2.5,ONSHORE,71.6,765.0,GAS DRIVE,NEOGENE,200.0,0.6,21.0,45.0,2.07,246.0,38.2,28.0
1P ,EUROPE,IRISH SEA EAST,9.0,0.0,OFFSHORE,95.0,1620.0,GAS DRIVE,TRIASSIC,850.0,0.9,16.0,45.0,0.5,650.0,267.0,44.0
1P ,LATIN AMERICA,MIDDLE MAGDALENA,22.0,50.0,ONSHORE,156.0,2982.0,GAS DRIVE,NEOGENE/PALEOGENE,5125.0,0.6,20.0,35.0,0.77,755.0,324.0,44.0
1P ,NORTH AMERICA,WESTERN CANADA,22.0,0.0,ONSHORE,91.4,1615.14,GAS DRIVE,CRETACEOUS,65.62,0.4,22.0,18.0,0.7,250.0,1000.0,26.93
1P ,NORTH AMERICA,GULF OF MEXICO NORTHERN ONSHORE,162.0,40.0,ONSHORE,248.0,4840.0,GAS DRIVE,CRETACEOUS,55.0,0.75,24.4,39.0,0.4,555.0,102.0,66.7
1P ,LATIN AMERICA,MIDDLE MAGDALENA,102.0,60.0,ONSHORE,144.5,2400.0,GAS DRIVE,PALEOGENE,1800.0,0.6,21.0,21.0,16.0,450.0,314.0,15.0
1P ,NORTH AMERICA,WESTERN CANADA,800.0,60.0,ONSHORE,72.0,500.0,GAS DRIVE,CRETACEOUS,58.0,0.65,30.0,15.0,1275.0,56.0,36000.0,8.0
1P ,NORTH AMERICA,WESTERN CANADA,800.0,60.0,ONSHORE,65.0,485.0,GAS DRIVE,CRETACEOUS,90.0,0.65,34.0,12.0,25000.0,82.0,11000.0,8.0
1P ,NORTH AMERICA,GULF OF MEXICO NORTHERN OFFSHORE,21.0,128.0,OFFSHORE,171.0,7689.0,AQUIFER DRIVE,NEOGENE,200.0,0.8,24.0,22.0,0.8,800.0,277.0,51.0
1P ,NORTH AMERICA,GULF OF MEXICO NORTHERN ONSHORE,40.0,40.0,ONSHORE,215.0,4660.0,AQUIFER DRIVE,PALEOGENE,50.0,0.95,20.0,41.0,0.7,500.0,46.0,49.0
1P ,NORTH AMERICA,SAN JOAQUIN,22.0,2.5,ONSHORE,115.0,1228.0,COMPACTION,NEOGENE,800.0,0.75,50.0,25.5,22.0,200.0,2200.0,44.0
1P ,NORTH AMERICA,GREATER GREEN RIVER,64.0,16.0,ONSHORE,178.0,2530.0,AQUIFER DRIVE,CARBONIFEROUS,570.0,0.6,10.0,33.0,1.38,136.0,240.0,54.2
1P ,AFRICA,GABON SOUTH,25.0,0.0,OFFSHORE,155.91331075325647,2248.0,AQUIFER DRIVE,CRETACEOUS,200.0,0.6,23.0,39.0,5.4,500.0,1000.0,44.0
1P ,NORTH AMERICA,GREATER GREEN RIVER,19.0,640.0,ONSHORE,292.5223669537995,7200.0,GAS DRIVE,CRETACEOUS,250.0,0.36,14.0,42.5,0.7,800.0,106.0,17.0
1P ,FORMER SOVIET UNION,SIBERIAN WESTERN,275.0,0.0,ONSHORE,180.0,3524.0,GAS DRIVE,JURASSIC,295.28,0.6,17.0,39.0,0.3,2061.0,1329.0,26.0
1P ,MIDDLE EAST,MESOPOTAMIAN,22.0,0.0,ONSHORE,206.86880917850797,4890.680169583377,AQUIFER DRIVE,CRETACEOUS,755.0,0.6,20.0,31.5,5.6,633.0,1400.0,43.0
1P ,MIDDLE EAST,MESOPOTAMIAN,22.0,0.0,ONSHORE,216.197170786794,5327.928265516328,AQUIFER DRIVE,CRETACEOUS,1482.0,0.6,19.0,33.0,6.7,682.0,733.0,43.0
1P ,FORMER SOVIET UNION,SIBERIAN WESTERN,22.0,40.0,ONSHORE,143.0,3140.0,AQUIFER DRIVE,CRETACEOUS,53.48,0.29,24.8,26.5,5.2,385.0,3391.0,25.8
1P ,FORMER SOVIET UNION,SIBERIAN WESTERN,22.0,40.0,ONSHORE,143.0,3140.0,AQUIFER DRIVE,CRETACEOUS,20.34,0.55,24.3,26.5,4.3,385.0,1913.0,29.0
1P ,FORMER SOVIET UNION,SIBERIAN WESTERN,22.0,40.0,ONSHORE,143.0,3140.0,AQUIFER DRIVE,CRETACEOUS,142.39,0.33,24.7,26.5,4.7,385.0,5647.0,27.0
1P ,ASIA-PACIFIC,GIPPSLAND,41.0,138.38,OFFSHORE,230.0,3430.0,AQUIFER DRIVE,PALEOGENE,328.08,0.91,22.0,45.38,0.46,111.0,1000.0,70.0
1P ,EUROPE,NORTH SEA NORTHERN,40.0,200.0,OFFSHORE,240.0,6653.0,GAS DRIVE,JURASSIC,330.0,0.8,21.0,39.0,0.3,750.0,1600.0,54.3
1P ,LATIN AMERICA,EASTERN VENEZUELA,15.0,250.0,OFFSHORE,173.0,4934.0,AQUIFER DRIVE,NEOGENE,200.0,0.95,30.0,81.9,0.61,979.0,242.0,40.7
1P ,NORTH AMERICA,GULF OF MEXICO NORTHERN OFFSHORE,22.0,270.0,OFFSHORE,267.47854654105265,7200.0,AQUIFER DRIVE,NEOGENE,1500.0,0.2,29.0,22.0,0.7,1300.0,1000.0,44.0
1P ,ASIA-PACIFIC,SUMATRA SOUTH,20.0,50.0,ONSHORE,183.0,1560.0,AQUIFER DRIVE,NEOGENE,123.0,0.45,25.8,45.0,0.33,470.0,59.7,45.0
1P ,ASIA-PACIFIC,ORDOS,736.0,40.0,ONSHORE,120.0,2100.0,GAS DRIVE,JURASSIC,980.0,0.6,16.0,35.6,3.0,230.0,563.0,32.7
2P ,ASIA-PACIFIC,BARMER,48.0,0.0,ONSHORE,149.0,1495.0,AQUIFER DRIVE,PALEOGENE,950.0,0.52,26.0,27.0,13.0,180.0,1293.0,32.3
1P ,ASIA-PACIFIC,CENTRAL BURMA,22.0,8.5,ONSHORE,107.86609519775456,250.1280557130234,GAS DRIVE,NEOGENE/PALEOGENE,2979.0,0.6,18.0,38.0,0.7,500.0,1000.0,33.03
1P ,LATIN AMERICA,CAMPOS,24.0,195.0,OFFSHORE,234.0,4010.0,AQUIFER DRIVE,CRETACEOUS,410.0,0.6,27.0,29.0,2.0,416.0,736.0,47.6
1P ,LATIN AMERICA,CAMPOS,22.0,125.0,OFFSHORE,176.0,4082.0,GAS DRIVE,NEOGENE/PALEOGENE,150.0,0.86,30.0,21.0,6.0,450.0,6365.0,42.0
1P ,LATIN AMERICA,CAMPOS,22.0,200.0,OFFSHORE,139.0,4230.0,GAS DRIVE,NEOGENE/PALEOGENE,200.0,0.6,32.0,20.0,60.0,610.0,11400.0,27.0
1P ,MIDDLE EAST,SOUTH OMAN SALT,178.0,90.0,ONSHORE,122.0,1350.0,AQUIFER DRIVE,PERMIAN/CARBONIFEROUS,475.0,0.7,27.0,22.0,90.0,135.0,1472.0,24.0
1P ,MIDDLE EAST,SOUTH OMAN SALT,59.0,0.0,ONSHORE,189.3935143450433,4071.5610452762658,AQUIFER DRIVE,ORDOVICIAN/CAMBRIAN,2000.0,0.7,29.0,22.0,90.0,500.0,1270.0,24.0
1P ,NORTH AMERICA,GULF OF MEXICO NORTHERN OFFSHORE,27.0,0.0,OFFSHORE,167.0,11305.0,COMPACTION,NEOGENE,200.0,0.3,25.0,28.0,0.7,975.0,3100.0,26.0
1P ,EUROPE,VIENNA,126.0,15.0,ONSHORE,140.0,2393.0,AQUIFER DRIVE,NEOGENE,91.86,0.86,27.0,25.0,5.8,266.0,471.0,53.0
1P ,EUROPE,NORTH SEA CENTRAL,14.0,130.0,OFFSHORE,247.0,3792.0,AQUIFER DRIVE,PALEOGENE,210.0,0.6,22.0,36.0,0.7,393.0,398.0,54.6
1P ,ASIA-PACIFIC,BOHAI,22.0,63.0,ONSHORE,300.0,8233.0,GAS DRIVE,PALEOGENE,755.0,0.7,13.6,36.0,0.38,2560.0,46.0,43.5
1P ,NORTH AMERICA,POWDER RIVER,29.0,64.0,ONSHORE,220.0,4920.0,GAS DRIVE,PERMIAN,100.0,0.25,13.3,40.0,0.7,400.0,8.65,69.4
1P ,NORTH AMERICA,WESTERN CANADA,22.0,40.0,ONSHORE,154.0,2355.0,GAS DRIVE,JURASSIC,112.0,0.6,15.0,27.0,0.7,83.0,78.0,39.7
1P ,AFRICA,MATRUH-SHUSHAN,22.0,46.0,ONSHORE,180.0,2274.0,GAS DRIVE,CRETACEOUS,900.0,0.6,21.0,41.5,0.54,119.0,1000.0,34.6
1P ,LATIN AMERICA,MARACAIBO,638.0,13.0,ONSHORE,130.0,1050.0,GAS DRIVE,NEOGENE,1400.0,0.22,30.0,18.0,40.0,180.0,2630.0,30.0
1P ,LATIN AMERICA,MARACAIBO,22.0,13.0,ONSHORE,104.2322183960465,79.7974254134433,AQUIFER DRIVE,PALEOGENE,200.0,0.36,12.0,26.0,0.7,1200.0,1000.0,44.0
1P ,ASIA-PACIFIC,SUMATRA CENTRAL,10.0,40.0,ONSHORE,260.0,2170.858570211526,AQUIFER DRIVE,NEOGENE,650.0,0.65,21.0,42.0,1.05,100.0,97.0,40.0
1P ,ASIA-PACIFIC,AMADEUS,46.0,16.0,ONSHORE,146.0,1805.0,GAS DRIVE,ORDOVICIAN/CAMBRIAN,1050.0,0.46,8.0,49.0,0.36,850.0,498.0,5.5
1P ,AFRICA,NIGER DELTA,73.0,100.0,OFFSHORE,183.0,2330.0,GAS DRIVE,NEOGENE,200.0,0.6,27.0,32.0,0.57,650.0,2100.0,59.4
1P ,AFRICA,NIGER DELTA,22.0,100.0,OFFSHORE,183.0,2330.0,GAS DRIVE,NEOGENE,200.0,0.6,29.0,27.0,0.57,650.0,268.0,35.0
1P ,AFRICA,SIRT,104.0,494.0,ONSHORE,238.0,3970.0,AQUIFER DRIVE,CRETACEOUS,400.0,0.6,17.0,36.7,0.79,464.0,3000.0,50.0
1P ,NORTH AMERICA,SAN JOAQUIN,25000.0,2.0,ONSHORE,110.0,300.0,AQUIFER DRIVE,NEOGENE,380.0,0.6,33.0,12.0,600.0,20.0,4400.0,79.0
1P ,EUROPE,NORTH SEA NORTHERN,21.0,96.0,OFFSHORE,250.0,6500.0,AQUIFER DRIVE,JURASSIC,755.0,0.8,16.0,38.5,0.2,1813.0,620.0,55.6
1P ,ASIA-PACIFIC,SUMATRA CENTRAL,1300.0,24.0,ONSHORE,200.0,930.0,AQUIFER DRIVE,NEOGENE,600.0,0.6,25.0,36.0,3.5,35.0,8700.0,55.0
1P ,LATIN AMERICA,RECONCAVO,435.0,30.0,ONSHORE,160.0,2630.0,GAS DRIVE,CRETACEOUS,200.0,0.45,21.0,40.0,0.95,360.0,675.0,44.0
1P ,NORTH AMERICA,WESTERN CANADA,472.0,320.0,ONSHORE,142.0,2620.0,AQUIFER DRIVE,DEVONIAN,80.0,0.4,20.0,41.0,0.6,575.0,794.0,51.1
1P ,EUROPE,NORTHWEST GERMAN,27.0,0.0,ONSHORE-OFFSHORE,158.0,4622.447498595485,AQUIFER DRIVE,JURASSIC,260.0,0.6,19.0,19.0,5.0,500.0,750.0,36.0
1P ,ASIA-PACIFIC,COOPER,22.0,123.55,ONSHORE,104.2322183960465,79.7974254134433,AQUIFER DRIVE,CRETACEOUS/JURASSIC,200.0,0.6,19.0,49.91,0.7,500.0,1000.0,44.0
1P ,ASIA-PACIFIC,SURAT,38.0,64.0,ONSHORE,156.0,2517.0,AQUIFER DRIVE,JURASSIC,130.0,0.5,18.0,44.0,1.06,112.0,59.1,40.0
1P ,ASIA-PACIFIC,ASSAM,91.0,50.0,ONSHORE,204.0,4930.0,AQUIFER DRIVE,PALEOGENE,1476.0,0.5,18.0,35.0,0.3,500.0,448.0,35.0
1P ,NORTH AMERICA,GREATER GREEN RIVER,22.0,160.0,ONSHORE,210.0,5156.028618302582,AQUIFER DRIVE,JURASSIC/TRIASSIC,520.0,0.6,14.0,0.0,0.7,500.0,1000.0,44.0
1P ,MIDDLE EAST,SOUTH OMAN SALT,225.0,3.5,ONSHORE,122.0,1400.0,COMPACTION,PERMIAN/CARBONIFEROUS,160.0,0.63,25.0,16.0,2000.0,20.0,2352.0,50.0
1P ,FORMER SOVIET UNION,SIBERIAN WESTERN,1137.0,63.0,ONSHORE,180.0,3785.0,AQUIFER DRIVE,CRETACEOUS,1476.0,0.53,18.5,34.0,1.3,316.0,2578.0,28.0
1P ,EUROPE,NORTH SEA NORTHERN,43.0,160.0,OFFSHORE,230.0,6300.0,GAS DRIVE,JURASSIC,425.0,0.7,22.0,38.0,0.57,524.0,874.0,44.0
1P ,ASIA-PACIFIC,ASSAM,22.0,60.0,ONSHORE,187.0,3988.0,AQUIFER DRIVE,PALEOGENE,738.0,0.5,21.4,30.5,0.53,730.0,1552.0,36.0
1P ,MIDDLE EAST,MESOPOTAMIAN,5.0,0.0,ONSHORE,202.18001528305015,4157.0,AQUIFER DRIVE,CRETACEOUS,617.0,0.3,22.0,41.5,0.7,1400.0,117.0,40.0
1P ,MIDDLE EAST,MESOPOTAMIAN,5.0,0.0,ONSHORE,219.4214857490248,4157.0,AQUIFER DRIVE,CRETACEOUS,476.0,0.17,25.0,41.5,0.7,1400.0,4900.0,28.0
1P ,AFRICA,SIRT,18.0,1290.0,ONSHORE,284.0,6000.0,GAS DRIVE,CRETACEOUS,433.0,0.6,12.0,42.5,0.35,1250.0,1000.0,44.0
1P ,LATIN AMERICA,CAMPOS,40.0,140.0,OFFSHORE,221.0,4641.0,AQUIFER DRIVE,CRETACEOUS,200.0,0.5,26.0,28.0,1.57,713.0,730.0,59.0
1P ,FORMER SOVIET UNION,CASPIAN SOUTH,22.0,0.0,OFFSHORE,150.0,2730.0,AQUIFER DRIVE,NEOGENE,328.08,0.6,21.0,31.0,3.0,220.0,593.0,79.0
1P ,EUROPE,NORTH SEA CENTRAL,35.0,0.0,OFFSHORE,230.0,3322.0,AQUIFER DRIVE,PALEOGENE,255.91,0.7,23.0,40.0,0.7,555.0,790.0,60.7
1P ,NORTH AMERICA,WILLISTON,112.0,80.0,ONSHORE,109.0,1910.0,GAS DRIVE,TRIASSIC/CARBONIFEROUS,120.0,0.2,13.0,36.5,7.7,121.0,110.0,35.4
1P ,ASIA-PACIFIC,NIIGATA,17.0,0.0,ONSHORE,350.0,8100.0,GAS DRIVE,NEOGENE,200.0,0.6,23.5,39.0,0.7,500.0,1000.0,77.8
1P ,MIDDLE EAST,SOUTH OMAN SALT,500.0,20.0,ONSHORE,123.0,1492.0,AQUIFER DRIVE,PERMIAN/CARBONIFEROUS,260.0,0.6,28.0,21.0,400.0,5.0,2705.0,23.3
1P ,MIDDLE EAST,SOUTH OMAN SALT,500.0,20.0,ONSHORE,123.0,1492.0,AQUIFER DRIVE,ORDOVICIAN/CAMBRIAN,1300.0,0.8,28.0,21.0,400.0,5.0,2705.0,23.3
1P ,EUROPE,NORTH SEA NORTHERN,112.0,160.0,OFFSHORE,215.0,6500.0,AQUIFER DRIVE,JURASSIC,300.0,0.7,20.0,36.0,0.95,310.0,2600.0,48.0
1P ,NORTH AMERICA,WESTERN CANADA,383.0,160.0,ONSHORE,120.0,2611.0,GAS DRIVE,DEVONIAN,100.0,0.3,20.0,41.1,0.89,365.0,828.0,44.4
1P ,EUROPE,MID-NORWAY SHELF,27.0,150.0,OFFSHORE,200.0,5950.0,GAS DRIVE,JURASSIC,330.0,0.85,14.0,40.0,0.35,1366.0,766.0,23.4
1P ,NORTH AMERICA,CHEROKEE,22.0,10.0,ONSHORE,120.0,1200.0,GAS DRIVE,CARBONIFEROUS,100.0,0.7,17.0,39.0,3.0,400.0,671.0,48.0
1P ,NORTH AMERICA,SAN JOAQUIN,220.0,15.0,ONSHORE,235.0,3990.0,GAS DRIVE,NEOGENE,1400.0,0.55,19.0,40.0,0.45,700.0,483.0,34.0
1P ,ASIA-PACIFIC,CAMBAY,292.0,20.0,ONSHORE,163.0,1493.0,AQUIFER DRIVE,PALEOGENE,330.0,0.6,25.0,21.0,65.0,500.0,512.0,28.4
1P ,AFRICA,GULF OF SUEZ,4.0,0.0,OFFSHORE,216.34484933468244,4600.0,GAS DRIVE,CENOZOIC/NEOGENE,200.0,0.6,20.0,39.0,0.7,1200.0,1000.0,44.0
1P ,AFRICA,GULF OF SUEZ,10.0,32.0,OFFSHORE,231.11270412352584,4150.0,AQUIFER DRIVE,CRETACEOUS/PALEOZOIC,200.0,0.6,23.0,29.0,1.2,279.0,1000.0,53.0
1P ,NORTH AMERICA,PERMIAN,3666.0,10.0,ONSHORE,83.0,1400.0,GAS DRIVE,PERMIAN,300.0,0.5,19.0,37.0,1.4,510.0,1000.0,40.0
1P ,ASIA-PACIFIC,SUMATRA SOUTH,27.0,90.0,ONSHORE,226.0,2251.0,GAS DRIVE,NEOGENE/PALEOGENE,1000.0,0.3,21.8,38.0,0.33,1088.0,61.0,31.0
1P ,EUROPE,NORTH SEA NORTHERN,51.0,350.0,OFFSHORE,245.0,7439.0,GAS DRIVE,JURASSIC,400.0,0.45,18.0,37.0,0.7,700.0,487.0,26.0
3P ,FORMER SOVIET UNION,SIBERIAN WESTERN,22.0,0.0,ONSHORE,136.0,2668.0,GAS DRIVE,CRETACEOUS,200.0,0.62,20.0,36.0,0.85,500.0,1000.0,32.0
3P ,FORMER SOVIET UNION,SIBERIAN WESTERN,22.0,0.0,ONSHORE,156.0,2915.0,GAS DRIVE,JURASSIC,200.0,0.41,18.0,36.0,1.0,500.0,1000.0,32.0
1P ,AFRICA,LOWER CONGO,70.0,160.0,OFFSHORE,140.0,1600.0,GAS DRIVE,CRETACEOUS,470.0,0.35,24.0,34.0,0.7,500.0,873.0,46.0
1P ,AFRICA,NIGER DELTA,17.0,80.0,ONSHORE,159.0,3570.0,AQUIFER DRIVE,NEOGENE,260.0,0.6,26.0,48.0,0.4,534.0,107.0,30.8
1P ,AFRICA,GULF OF SUEZ,22.0,0.0,OFFSHORE,250.0,5028.0,GAS DRIVE,CRETACEOUS,200.0,0.6,20.0,32.0,0.7,360.0,250.0,15.0
1P ,AFRICA,GULF OF SUEZ,22.0,27.0,OFFSHORE,265.0,5506.0,AQUIFER DRIVE,CRETACEOUS/PALEOZOIC,2300.0,0.2,18.0,27.0,1.01,279.0,1644.0,29.0
1P ,FORMER SOVIET UNION,NORTH SAKHALIN,19.0,247.0,OFFSHORE,98.6,1809.0,AQUIFER DRIVE,NEOGENE,452.76,0.6,23.0,37.0,0.7,500.0,296.9,43.8
1P ,AFRICA,NIGER DELTA,86.0,32.0,OFFSHORE,104.2322183960465,2707.0,AQUIFER DRIVE,NEOGENE,200.0,0.6,30.0,38.0,0.7,950.0,1000.0,64.0
1P ,FORMER SOVIET UNION,NORTH SAKHALIN,1882.0,2.0,ONSHORE,63.0,826.0,GAS DRIVE,NEOGENE,2030.0,0.6,27.0,18.0,500.0,500.0,1000.0,44.0
1P ,NORTH AMERICA,ANADARKO,360.0,17.5,ONSHORE,132.0,3621.622371361093,GAS DRIVE,ORDOVICIAN,200.0,0.6,19.0,39.0,8.0,795.0,162.0,70.0
1P ,NORTH AMERICA,ANADARKO,902.0,8.7,ONSHORE,132.0,2686.0,GAS DRIVE,ORDOVICIAN,200.0,0.6,22.0,39.0,8.0,795.0,1072.0,51.0
1P ,NORTH AMERICA,BIG HORN,208.0,15.0,ONSHORE,112.0,1565.0,GAS DRIVE,CARBONIFEROUS,90.0,0.62,14.0,21.0,6.5,200.0,1000.0,50.0
1P ,AFRICA,BREDASDORP,2.0,190.0,OFFSHORE,194.1438409687879,4294.223004418903,AQUIFER DRIVE,CRETACEOUS,115.0,0.85,18.0,42.0,0.7,500.0,47.0,49.0
2P ,LATIN AMERICA,EASTERN VENEZUELA,22.0,2.5,ONSHORE,131.0,1126.0,GAS DRIVE,NEOGENE,940.0,0.4,32.0,11.0,5500.0,90.0,213000.0,12.0
1P ,LATIN AMERICA,PUTUMAYO,58.0,80.0,ONSHORE,184.22476516894807,3200.0,AQUIFER DRIVE,CRETACEOUS,240.0,0.67,12.0,35.0,0.7,750.0,679.0,35.0
1P ,LATIN AMERICA,EASTERN VENEZUELA,10.0,110.0,ONSHORE,229.1436568183467,9280.0,GAS DRIVE,NEOGENE,300.0,0.6,13.0,35.0,0.7,1500.0,118.0,34.0
1P ,LATIN AMERICA,EASTERN VENEZUELA,140.0,110.0,ONSHORE,136.8445643880756,1608.4352278175588,GAS DRIVE,NEOGENE,130.0,0.6,28.0,20.0,0.7,500.0,4200.0,44.0
1P ,LATIN AMERICA,EASTERN VENEZUELA,18.0,110.0,ONSHORE,275.0,7650.0,GAS DRIVE,PALEOGENE/CRETACEOUS,800.0,0.65,6.0,37.0,0.7,500.0,650.0,44.0
1P ,EUROPE,NORTH SEA NORTHERN,116.0,0.0,OFFSHORE,212.0,4071.0,GAS DRIVE,JURASSIC,440.0,0.7,23.0,34.0,0.37,800.0,4309.0,68.3
1P ,NORTH AMERICA,FOSSIL,52.0,40.0,ONSHORE,164.0,4130.0,GAS DRIVE,JURASSIC/TRIASSIC,1100.0,0.41,14.1,105.0,0.19,2960.0,223.0,28.0
1P ,LATIN AMERICA,EASTERN VENEZUELA,22.0,0.0,ONSHORE,104.2322183960465,79.7974254134433,GAS DRIVE,NEOGENE,900.0,0.22,31.0,16.0,0.7,500.0,107.0,46.0
2P ,LATIN AMERICA,EASTERN VENEZUELA,22.0,0.0,ONSHORE,100.0,500.0,GAS DRIVE,NEOGENE,500.0,0.7,35.0,14.5,5000.0,500.0,80.0,51.0
2P ,LATIN AMERICA,EASTERN VENEZUELA,22.0,0.0,ONSHORE,104.2322183960465,300.0,GAS DRIVE,NEOGENE,480.0,0.5,35.0,7.1,20000.0,500.0,300.0,33.0
1P ,NORTH AMERICA,WILLISTON,22.0,320.0,ONSHORE,212.5298201808979,6300.0,AQUIFER DRIVE,CARBONIFEROUS/DEVONIAN,40.0,0.6,5.0,42.0,0.7,400.0,1000.0,8.0
1P ,EUROPE,PERI-ADRIATIC,2500.0,9.0,ONSHORE,109.0,2517.0,GAS DRIVE,NEOGENE,394.0,0.7,27.0,12.0,600.0,146.0,1662.0,11.0
1P ,EUROPE,PERI-ADRIATIC,22.0,9.0,ONSHORE,109.0,2500.0,GAS DRIVE,NEOGENE,400.0,0.35,27.0,18.0,100.0,500.0,315.0,11.0
1P ,NORTH AMERICA,GREATER GREEN RIVER,22.0,0.0,ONSHORE,121.0,1790.0,GAS DRIVE,CRETACEOUS,70.0,0.6,20.0,42.0,0.52,600.0,155.0,46.0
2P ,NORTH AMERICA,WESTERN CANADA,22.0,8.0,ONSHORE,62.0,540.0,AQUIFER DRIVE,CRETACEOUS,100.0,0.96,28.0,8.5,60000.0,55.0,69000.0,44.0
1P ,NORTH AMERICA,WESTERN CANADA,189.0,80.0,ONSHORE,133.0,1366.0,GAS DRIVE,TRIASSIC,85.0,0.15,12.0,36.0,0.7,370.0,175.0,40.0
1P ,NORTH AMERICA,WESTERN CANADA,3517.0,80.0,ONSHORE,126.0,2690.0,GAS DRIVE,CRETACEOUS,50.0,0.4,13.9,37.0,1.2,539.0,7781.0,18.0
1P ,LATIN AMERICA,TALARA,306.0,0.0,OFFSHORE,125.15334601357462,1060.432996767027,GAS DRIVE,PALEOGENE,1300.0,0.45,9.5,36.0,0.7,500.0,1027.0,11.5
1P ,LATIN AMERICA,EASTERN VENEZUELA,185.0,3.7,ONSHORE,99.0,200.0,GAS DRIVE,NEOGENE,200.0,0.7,25.0,19.0,500.0,500.0,135.0,48.0
1P ,LATIN AMERICA,EASTERN VENEZUELA,700.0,15.0,ONSHORE,205.0,6900.0,GAS DRIVE,NEOGENE,800.0,0.5,25.0,25.0,40.0,1500.0,979.0,14.0
1P ,ASIA-PACIFIC,SUMATRA CENTRAL,22.0,0.0,ONSHORE,236.0,1750.0,AQUIFER DRIVE,NEOGENE,1040.0,0.6,20.0,34.0,2.6,70.0,1000.0,55.07
1P ,FORMER SOVIET UNION,BALTIC,22.0,0.0,ONSHORE,183.0,3200.0,GAS DRIVE,CAMBRIAN,105.0,0.88,5.0,41.5,1.28,55.0,22.7,35.0
1P ,LATIN AMERICA,SERGIPE-ALAGOAS,106.0,0.0,ONSHORE,124.90463072583918,1048.774970356994,AQUIFER DRIVE,CRETACEOUS,6561.68,0.6,20.0,38.98,0.7,500.0,283.04,25.3
1P ,LATIN AMERICA,EASTERN VENEZUELA,216.0,0.0,ONSHORE,138.0,1454.0,AQUIFER DRIVE,NEOGENE,550.0,0.6,29.0,12.0,766.0,135.0,2445.0,17.5
1P ,EUROPE,NORTH SEA CENTRAL,70.0,85.0,OFFSHORE,175.0,3700.0,AQUIFER DRIVE,JURASSIC,360.0,0.7,24.0,37.0,0.47,430.0,1360.0,76.0
2P ,NORTH AMERICA,SANTA MARIA,52.0,80.0,OFFSHORE,235.0,3400.0,GAS DRIVE,NEOGENE,200.0,0.6,15.0,17.0,2.5,400.0,2350.0,8.9
1P ,FORMER SOVIET UNION,SIBERIAN WESTERN,22.0,65.0,ONSHORE,200.7155363498232,4602.257942714676,AQUIFER DRIVE,CRETACEOUS,75.0,0.4,20.0,32.0,1.7,380.0,672.0,55.0
1P ,FORMER SOVIET UNION,SIBERIAN WESTERN,1273.0,90.0,ONSHORE,154.0,2654.0,AQUIFER DRIVE,CRETACEOUS,200.0,0.44,20.0,34.0,1.0,380.0,2090.0,50.0
1P ,FORMER SOVIET UNION,SIBERIAN WESTERN,22.0,65.0,ONSHORE,196.90050719603863,4423.436162056081,AQUIFER DRIVE,CRETACEOUS,52.0,0.59,20.0,32.0,1.7,380.0,420.0,52.0
1P ,FORMER SOVIET UNION,SIBERIAN WESTERN,22.0,65.0,ONSHORE,154.0,2654.0,AQUIFER DRIVE,CRETACEOUS,69.0,0.45,22.0,32.0,1.7,380.0,599.0,47.0
1P ,NORTH AMERICA,GULF OF MEXICO NORTHERN OFFSHORE,41.0,250.0,OFFSHORE,195.0,6572.0,AQUIFER DRIVE,NEOGENE,400.0,0.5,31.0,32.8,0.38,1096.0,263.8,55.0
1P ,NORTH AMERICA,ANADARKO,22.0,40.0,ONSHORE,140.0,1630.0,AQUIFER DRIVE,CARBONIFEROUS,28.0,0.6,17.0,40.0,0.7,579.0,300.0,55.0
1P ,EUROPE,PRINOS-KAVALA,16.0,40.0,OFFSHORE,230.0,5735.0,GAS DRIVE,NEOGENE,200.0,0.6,18.0,29.0,9.0,767.0,270.0,44.0
1P ,EUROPE,PRINOS-KAVALA,22.0,40.0,OFFSHORE,236.0,5840.0,GAS DRIVE,NEOGENE,200.0,0.6,14.5,29.0,9.0,767.0,1000.0,44.0
1P ,EUROPE,PRINOS-KAVALA,22.0,40.0,OFFSHORE,243.0,6000.0,GAS DRIVE,NEOGENE,200.0,0.6,15.0,29.0,9.0,767.0,1000.0,44.0
1P ,FORMER SOVIET UNION,SIBERIAN WESTERN,520.0,60.0,ONSHORE,196.0,3582.0,AQUIFER DRIVE,CRETACEOUS,1300.0,0.44,19.0,31.0,11.0,344.0,20212.0,28.3
1P ,LATIN AMERICA,TALARA,106.0,0.0,ONSHORE-OFFSHORE,113.0,1800.0,GAS DRIVE,PALEOGENE,200.0,0.48,13.0,39.0,0.7,500.0,335.0,44.0
1P ,NORTH AMERICA,WESTERN CANADA,304.0,80.0,ONSHORE,97.0,889.0,GAS DRIVE,CRETACEOUS,70.0,0.15,25.4,34.0,4.1,140.0,585.0,11.5
1P ,NORTH AMERICA,NORTH SLOPE,2500.0,80.0,ONSHORE,230.0,4335.0,AQUIFER DRIVE,TRIASSIC,550.0,0.87,22.0,27.9,0.8,745.0,32700.0,52.0
1P ,ASIA-PACIFIC,BOHAI,937.0,15.0,ONSHORE,194.0,3465.0,GAS DRIVE,PALEOGENE,200.0,0.6,23.0,34.0,1.8,600.0,1053.0,34.0
1P ,ASIA-PACIFIC,BOHAI,66.0,15.0,ONSHORE,198.3034534009788,3419.0,GAS DRIVE,PALEOGENE,200.0,0.6,28.4,33.4,1.82,409.0,83.2,52.0
1P ,LATIN AMERICA,PUTUMAYO,19.0,400.0,ONSHORE,141.0,4737.0,AQUIFER DRIVE,CRETACEOUS,250.0,0.56,12.0,30.5,15.0,500.0,90.0,43.0
1P ,LATIN AMERICA,NEUQUEN,651.0,10.0,ONSHORE,148.24042566679975,1024.0,GAS DRIVE,CRETACEOUS,70.0,0.8,19.0,36.0,1.64,45.0,805.0,65.0
1P ,LATIN AMERICA,NEUQUEN,22.0,10.0,ONSHORE,136.53690074664138,750.0,GAS DRIVE,CRETACEOUS,72.0,0.6,18.0,36.6,0.7,500.0,1000.0,65.0
1P ,LATIN AMERICA,NEUQUEN,22.0,10.0,ONSHORE,91.4,427.0,GAS DRIVE,CRETACEOUS,295.0,0.6,20.0,32.3,75.0,30.0,1000.0,65.0
1P ,LATIN AMERICA,NEUQUEN,22.0,10.0,ONSHORE,140.57344772225858,910.0,GAS DRIVE,CRETACEOUS,410.0,0.6,17.0,28.0,12.0,500.0,1000.0,65.0
1P ,LATIN AMERICA,AUSTRAL,22.0,300.0,ONSHORE,194.0,2230.0,AQUIFER DRIVE,CRETACEOUS,278.0,0.76,23.0,52.0,0.7,842.0,1000.0,44.0
1P ,ASIA-PACIFIC,SUMATRA SOUTH,22.0,50.0,ONSHORE,170.93369585898907,2250.0,AQUIFER DRIVE,PALEOGENE,220.0,0.8,19.0,28.0,1.95,250.0,35.0,30.0
1P ,ASIA-PACIFIC,CAUVERY,7.0,836.0,OFFSHORE,265.0,5350.0,AQUIFER DRIVE,CRETACEOUS,230.0,0.6,13.0,49.0,0.27,1300.0,135.0,28.5
1P ,EUROPE,BROAD FOURTEENS,2.0,80.0,OFFSHORE,166.90945542902926,3017.6662282980324,AQUIFER DRIVE,CRETACEOUS,164.0,0.6,25.4,27.0,7.0,67.0,12.0,33.0
1P ,EUROPE,BROAD FOURTEENS,14.0,40.0,OFFSHORE,145.0,2207.0,AQUIFER DRIVE,CRETACEOUS,410.0,0.6,21.0,21.5,30.0,66.0,72.0,42.0
1P ,EUROPE,BROAD FOURTEENS,8.0,12.0,OFFSHORE,131.0,1970.0,AQUIFER DRIVE,CRETACEOUS,262.0,0.6,21.5,18.0,50.0,133.0,55.0,44.0
1P ,EUROPE,BROAD FOURTEENS,8.0,0.0,OFFSHORE,147.0,2287.0,AQUIFER DRIVE,CRETACEOUS,164.0,0.6,25.5,26.0,12.5,98.0,1000.0,44.0
1P ,AFRICA,GINDI,28.0,33.0,ONSHORE,208.2225292008186,4954.133059494491,AQUIFER DRIVE,CRETACEOUS,145.0,0.3,18.0,40.0,0.7,175.0,150.0,33.3
1P ,AFRICA,GINDI,28.0,33.0,ONSHORE,208.2225292008186,4954.133059494491,AQUIFER DRIVE,CRETACEOUS,350.0,0.8,12.7,40.0,0.7,175.0,150.0,33.3
1P ,ASIA-PACIFIC,BOHAI,742.0,1.2,ONSHORE,98.0,1233.0,AQUIFER DRIVE,PALEOGENE,300.0,0.64,25.4,15.0,2640.0,792.0,245.0,40.8
1P ,LATIN AMERICA,EASTERN VENEZUELA,676.0,22.0,ONSHORE,100.0,1000.0,AQUIFER DRIVE,NEOGENE,1600.0,0.35,20.0,18.0,230.0,200.0,4000.0,20.3
1P ,LATIN AMERICA,EASTERN VENEZUELA,29.0,0.0,ONSHORE,188.8397197904617,4390.0,GAS DRIVE,PALEOGENE/CRETACEOUS,3500.0,0.6,10.6,30.0,0.7,500.0,1598.0,4.0
1P ,NORTH AMERICA,GULF OF MEXICO NORTHERN ONSHORE,225.0,40.0,ONSHORE,198.0,2500.0,AQUIFER DRIVE,CRETACEOUS,400.0,0.15,22.0,40.7,0.65,150.0,1000.0,44.0
1P ,AFRICA,GABON SOUTH,234.0,8.0,ONSHORE,110.0,1753.0,AQUIFER DRIVE,CRETACEOUS,400.0,0.8,25.0,34.0,3.4,309.0,1750.0,54.5
1P ,AFRICA,SIRT,82.0,0.0,ONSHORE,166.62640487890974,2374.0,GAS DRIVE,CRETACEOUS,230.0,0.36,17.0,42.5,3.56,935.0,1875.0,40.0
1P ,NORTH AMERICA,GULF OF MEXICO NORTHERN OFFSHORE,18.0,800.0,OFFSHORE,246.0,7603.0,GAS DRIVE,NEOGENE,200.0,0.5,28.0,30.0,0.7,5019.0,1000.0,32.7
1P ,AFRICA,GULF OF SUEZ,40.0,40.0,OFFSHORE,295.0,5875.0,AQUIFER DRIVE,PALEOZOIC,200.0,0.6,12.0,30.8,0.5,500.0,1000.0,55.0
1P ,ASIA-PACIFIC,MEKONG (CUU LONG),18.0,0.0,OFFSHORE,194.0,3100.0,GAS DRIVE,NEOGENE,2100.0,0.45,20.0,39.0,0.88,599.0,956.0,34.0
1P ,NORTH AMERICA,DOUGLAS CREEK ARCH,22.0,20.0,ONSHORE,160.0,2750.0,AQUIFER DRIVE,PERMIAN/CARBONIFEROUS,526.0,0.36,13.0,34.0,1.7,300.0,1900.0,49.0
1P ,ASIA-PACIFIC,SUMATRA NORTH,550.0,2.23,ONSHORE,147.2,760.0,AQUIFER DRIVE,NEOGENE,1968.5,0.36,25.0,47.0,2.33,500.0,1000.0,33.9
1P ,AFRICA,GULF OF SUEZ,22.0,6.0,OFFSHORE,255.0,5632.0,AQUIFER DRIVE,CRETACEOUS/JURASSIC/TRIASSIC/PERMIAN/CARBONIFEROUS,3000.0,0.6,12.0,23.0,5.0,312.0,700.0,44.0
1P ,MIDDLE EAST,THE GULF,53.0,60.0,ONSHORE,199.1156854143652,3850.0,AQUIFER DRIVE,CRETACEOUS,750.0,0.56,20.0,29.0,1.0,770.0,22600.0,38.9
1P ,MIDDLE EAST,THE GULF,22.0,60.0,ONSHORE,190.0,5050.0,AQUIFER DRIVE,CRETACEOUS,1380.0,0.75,18.0,34.4,0.7,1100.0,1000.0,39.0
1P ,NORTH AMERICA,POWDER RIVER,61.0,80.0,ONSHORE,200.0,3380.0,GAS DRIVE,PERMIAN,100.0,0.6,12.0,32.5,0.7,72.0,73.8,44.0
1P ,ASIA-PACIFIC,KRISHNA-GODAVARI,20.0,0.0,OFFSHORE,166.2079823265592,2605.0,GAS DRIVE,NEOGENE,3600.0,0.6,27.5,35.0,1.05,1120.0,480.0,57.0
1P ,AFRICA,RAZZAK-ALAMEIN,5.0,250.0,ONSHORE,174.0,2200.0,AQUIFER DRIVE,CRETACEOUS,700.0,0.31,23.0,38.0,2.3,500.0,44.0,29.4
1P ,AFRICA,RAZZAK-ALAMEIN,11.0,200.0,ONSHORE,180.0,2500.0,AQUIFER DRIVE,CRETACEOUS,700.0,0.31,23.0,37.5,0.5,80.0,240.0,27.4
1P ,NORTH AMERICA,UINTA,336.0,520.0,ONSHORE,149.0,1925.0,GAS DRIVE,PALEOGENE,200.0,0.1,14.0,30.0,7.0,292.0,747.0,44.0
1P ,AFRICA,OUED MYA-GHADAMES,51.0,240.0,ONSHORE,205.2689582430499,5750.0,GAS DRIVE,CAMBRIAN,1800.0,0.95,9.0,44.0,1.55,938.0,2875.0,32.0
1P ,AFRICA,BERKINE (GHADAMES),22.0,0.0,ONSHORE,223.10114290057828,4700.0,AQUIFER DRIVE,TRIASSIC,490.0,0.52,16.0,49.0,0.7,1450.0,228.0,44.0
1P ,MIDDLE EAST,SOUTH OMAN SALT,126.0,31.0,ONSHORE,147.76047038616235,2120.0962582826346,AQUIFER DRIVE,PERMIAN/CARBONIFEROUS,250.0,0.75,20.0,33.0,9.0,500.0,1013.0,44.0
1P ,MIDDLE EAST,SOUTH OMAN SALT,126.0,31.0,ONSHORE,147.76047038616235,2120.0962582826346,AQUIFER DRIVE,ORDOVICIAN/CAMBRIAN,1600.0,0.9,27.0,33.0,9.0,500.0,1013.0,44.0
1P ,NORTH AMERICA,GULF OF MEXICO NORTHERN ONSHORE,22.0,40.0,ONSHORE,159.0,1604.0,AQUIFER DRIVE,PALEOGENE,1000.0,0.15,26.0,42.0,0.7,500.0,210.0,44.0
1P ,LATIN AMERICA,RECONCAVO,76.0,17.0,ONSHORE,122.0,1523.0,GAS DRIVE,CRETACEOUS,600.0,0.4,14.0,32.0,4.5,158.0,67.7,30.0
1P ,EUROPE,NORTH SEA CENTRAL,3.0,160.0,OFFSHORE,175.0,3510.0,GAS DRIVE,JURASSIC,75.0,0.96,23.0,40.0,0.29,1391.0,54.0,68.5
1P ,EUROPE,NORTH SEA CENTRAL,2.0,160.0,OFFSHORE,175.0,3510.0,AQUIFER DRIVE,JURASSIC,210.0,1.0,23.0,40.0,0.59,613.0,108.0,67.6
1P ,FORMER SOVIET UNION,VOLGA-URAL,25000.0,22.0,ONSHORE,104.0,2538.0,AQUIFER DRIVE,DEVONIAN,110.0,0.5,19.0,44.0,3.5,265.0,32535.0,58.0
1P ,LATIN AMERICA,CAMPOS,59.0,0.0,OFFSHORE,147.0,5149.0,GAS DRIVE,CRETACEOUS,500.0,0.5,30.0,25.0,10.0,635.0,7500.0,28.3
3P ,FORMER SOVIET UNION,SIBERIAN WESTERN,22.0,0.0,ONSHORE,167.0,4350.0,GAS DRIVE,CRETACEOUS,590.55,0.6,18.0,38.0,0.7,1500.0,664.0,33.1
1P ,NORTH AMERICA,POWDER RIVER,19.0,80.0,ONSHORE,230.06664774264945,4025.0,GAS DRIVE,PERMIAN,100.0,0.45,11.3,30.0,0.7,17.5,8.86,50.0
1P ,LATIN AMERICA,LLANOS,362.0,81.0,ONSHORE,145.0,1162.0,AQUIFER DRIVE,NEOGENE/PALEOGENE,180.0,0.67,35.0,12.5,400.0,6.5,4608.0,10.8
1P ,MIDDLE EAST,THE GULF,22.0,0.0,ONSHORE,201.7000600024128,3900.0,AQUIFER DRIVE,CRETACEOUS,500.0,0.7,23.0,30.0,0.7,500.0,1000.0,44.0
1P ,MIDDLE EAST,THE GULF,18.0,0.0,ONSHORE,197.76196539205452,3796.0,AQUIFER DRIVE,CRETACEOUS,120.0,0.55,20.0,25.0,1.3,500.0,1000.0,44.0
1P ,AFRICA,CHOTTS,7.0,1545.0,ONSHORE,226.0,8847.0,AQUIFER DRIVE,ORDOVICIAN,200.0,0.7,10.2,43.0,0.7,2952.0,1000.0,44.0
1P ,LATIN AMERICA,ORIENTE,101.0,87.0,ONSHORE,225.0,4246.0,AQUIFER DRIVE,CRETACEOUS,370.0,0.3,15.0,29.5,3.0,93.0,3451.0,34.7
1P ,LATIN AMERICA,ORIENTE,22.0,87.0,ONSHORE,220.0,4131.0,GAS DRIVE,CRETACEOUS,320.0,0.3,16.0,26.5,1.7,300.0,1245.9,39.2
1P ,MIDDLE EAST,THE GULF,223.0,62.0,OFFSHORE,159.89472440432866,2400.0,AQUIFER DRIVE,CRETACEOUS,1100.0,0.7,26.0,28.5,5.86,200.0,48000.0,33.3
1P ,AFRICA,MATRUH-SHUSHAN,23.0,107.0,ONSHORE,228.0,3426.0,AQUIFER DRIVE,CRETACEOUS,200.0,0.6,16.6,44.0,5.3,167.0,47.8,47.0
1P ,AFRICA,MATRUH-SHUSHAN,22.0,0.0,ONSHORE,200.0,2389.0,AQUIFER DRIVE,CRETACEOUS,600.0,0.6,22.0,40.0,5.0,702.0,35.0,53.4
1P ,AFRICA,MATRUH-SHUSHAN,22.0,0.0,ONSHORE,205.0,2390.0,GRAVITY DRAINAGE,CRETACEOUS,200.0,0.6,24.0,40.0,0.7,500.0,19.6,10.2
1P ,NORTH AMERICA,POWDER RIVER,22.0,8.0,ONSHORE,91.0,562.0,GAS DRIVE,CRETACEOUS,120.0,0.6,18.0,37.0,3.6,550.0,1000.0,44.0
1P ,NORTH AMERICA,POWDER RIVER,22.0,8.0,ONSHORE,110.0,600.0,GAS DRIVE,CRETACEOUS,75.0,0.6,19.0,37.0,3.6,500.0,850.0,50.0
2P ,FORMER SOVIET UNION,SIBERIAN WESTERN,200.0,0.0,ONSHORE,280.0,5300.0,COMPACTION,JURASSIC,98.43,0.6,6.1,38.5,0.47,842.0,1000.0,44.0
1P ,FORMER SOVIET UNION,SIBERIAN WESTERN,350.0,62.0,ONSHORE,181.0,3263.0,COMPACTION,CRETACEOUS,328.08,0.6,17.5,30.4,2.0,198.0,2013.0,57.3
1P ,LATIN AMERICA,EASTERN VENEZUELA,68.0,400.0,OFFSHORE,143.79776268448938,1800.0,AQUIFER DRIVE,NEOGENE,7500.0,0.2,23.0,37.0,0.7,3350.0,1000.0,50.0
1P ,ASIA-PACIFIC,SABAH,87.0,50.0,OFFSHORE,176.0,2835.0,AQUIFER DRIVE,NEOGENE,6739.0,0.6,23.0,37.0,0.4,725.0,969.0,53.7
1P ,FORMER SOVIET UNION,SIBERIAN WESTERN,13400.0,25.0,ONSHORE,158.0,2572.0,AQUIFER DRIVE,CRETACEOUS,2300.0,0.21,24.0,37.0,1.0,325.0,55000.0,47.6
1P ,ASIA-PACIFIC,CAMBAY,62.0,44.0,ONSHORE,185.0,2020.0,GAS DRIVE,PALEOGENE,200.0,0.75,25.0,22.3,19.0,123.5,83.9,36.4
2P ,NORTH AMERICA,WILLISTON,22.0,0.0,ONSHORE,210.0,6000.0,GAS DRIVE,CARBONIFEROUS/DEVONIAN,200.0,0.6,20.0,42.0,0.95,1000.0,2800.0,12.5
1P ,LATIN AMERICA,EASTERN VENEZUELA,22.0,200.0,ONSHORE,290.0,12000.0,GAS DRIVE,NEOGENE/PALEOGENE/CRETACEOUS,2950.0,0.68,12.0,33.0,0.7,1600.0,9777.0,33.0
1P ,LATIN AMERICA,EASTERN VENEZUELA,107.0,40.0,ONSHORE,180.0,2350.0,GAS DRIVE,NEOGENE,5750.0,0.23,19.0,44.0,0.38,500.0,1000.0,19.0
1P ,LATIN AMERICA,EASTERN VENEZUELA,54.0,40.0,ONSHORE,280.0,4445.0,GAS DRIVE,NEOGENE,200.0,0.6,15.0,45.0,0.38,1881.0,409.8,65.4
1P ,ASIA-PACIFIC,CAMBAY,120.0,22.0,ONSHORE,158.0,1465.0,AQUIFER DRIVE,PALEOGENE,160.0,0.6,28.0,17.0,60.0,85.0,355.0,45.0
1P ,AFRICA,SIRT,288.0,1000.0,ONSHORE,90.0,3924.0,AQUIFER DRIVE,CRETACEOUS,1200.0,0.6,18.5,36.8,7.0,143.0,12000.0,54.2
1P ,NORTH AMERICA,VENTURA,34.0,0.0,ONSHORE,160.0,3030.0,GAS DRIVE,NEOGENE,1400.0,0.54,22.0,32.7,0.7,550.0,1000.0,44.0
1P ,AFRICA,GULF OF SUEZ,1.0,1000.0,OFFSHORE,136.0,1900.0,GAS DRIVE,NEOGENE,100.0,0.6,26.0,29.5,1.4,65.0,23.0,30.0
1P ,EUROPE,NORTH SEA CENTRAL,10.0,179.0,OFFSHORE,185.0,3765.0,AQUIFER DRIVE,CRETACEOUS,400.0,0.27,20.0,32.5,1.35,228.0,239.0,56.0
1P ,EUROPE,FAEROE-SHETLAND,22.0,247.0,OFFSHORE,150.0,2907.0,GAS DRIVE,PALEOGENE,820.0,0.6,28.0,26.0,3.0,342.0,1900.0,35.0
1P ,EUROPE,LOWER SAXONY,22.0,5.6,ONSHORE,104.0,1233.0,AQUIFER DRIVE,CRETACEOUS,100.0,0.6,33.0,25.0,160.0,76.0,1032.0,36.2
1P ,EUROPE,NORTH SEA CENTRAL,34.0,106.0,OFFSHORE,190.0,7879.0,AQUIFER DRIVE,JURASSIC,360.0,0.8,17.0,36.0,0.44,990.0,946.0,46.6
1P ,NORTH AMERICA,GULF OF MEXICO NORTHERN ONSHORE,20.0,40.0,ONSHORE,171.0,3010.0,GAS DRIVE,PALEOGENE,200.0,0.6,19.0,41.0,0.7,600.0,7.4,54.0
1P ,ASIA-PACIFIC,MALAY,140.0,90.0,OFFSHORE,148.65884821915031,2162.205903405465,AQUIFER DRIVE,NEOGENE/PALEOGENE,3494.0,0.35,24.0,50.0,0.7,630.0,1850.0,42.0
1P ,AFRICA,LOWER CONGO,55.0,90.0,OFFSHORE,142.985530671103,1769.0,AQUIFER DRIVE,CRETACEOUS,200.0,0.6,25.0,29.8,12.0,85.0,513.0,39.4
1P ,ASIA-PACIFIC,KUTAI,22.0,80.0,OFFSHORE,202.0,2621.0,AQUIFER DRIVE,NEOGENE,500.0,0.6,28.0,41.0,0.38,919.0,113.0,50.6
1P ,ASIA-PACIFIC,SARAWAK,770.0,0.0,ONSHORE-OFFSHORE,161.0,2226.0,AQUIFER DRIVE,NEOGENE,4000.0,0.6,21.0,30.0,6.0,560.0,3200.0,38.0
1P ,ASIA-PACIFIC,TURPAN,244.0,18.0,ONSHORE,187.0,4183.0,GAS DRIVE,JURASSIC,951.0,0.33,13.0,41.0,0.39,904.0,278.0,30.3
1P ,ASIA-PACIFIC,BOHAI,2038.0,18.0,ONSHORE,185.0,2828.0,AQUIFER DRIVE,PALEOGENE,2300.0,0.15,28.0,29.0,20.0,265.0,3420.0,37.8
1P ,ASIA-PACIFIC,NANXIANG,607.0,30.0,ONSHORE,170.0,2538.0,AQUIFER DRIVE,PALEOGENE,3940.0,0.42,18.0,33.0,5.5,128.0,752.0,44.0
1P ,ASIA-PACIFIC,NANXIANG,22.0,0.0,ONSHORE,153.7,2002.0,AQUIFER DRIVE,PALEOGENE,3445.0,0.6,20.9,31.5,5.5,128.0,22.0,53.2
1P ,ASIA-PACIFIC,NANXIANG,35.0,30.0,ONSHORE,176.5,2415.0,AQUIFER DRIVE,PALEOGENE,200.0,0.42,19.2,33.0,2.6,129.0,38.7,45.0
1P ,LATIN AMERICA,ORIENTE,22.0,50.0,ONSHORE,217.4524384438457,4042.0,AQUIFER DRIVE,CRETACEOUS,470.0,0.41,18.0,33.0,1.7,270.0,3500.0,45.0
1P ,AFRICA,GULF OF SUEZ,15.0,60.0,OFFSHORE,282.0,5340.0,GAS DRIVE,CRETACEOUS/JURASSIC/TRIASSIC/PALEOZOIC,850.0,0.9,13.0,32.0,0.38,991.0,295.0,27.5
1P ,EUROPE,NORTH SEA CENTRAL,9.0,0.0,OFFSHORE,184.5939615386692,3365.0,AQUIFER DRIVE,PALEOGENE,330.0,0.7,31.0,35.0,0.7,562.0,150.0,44.0
1P ,ASIA-PACIFIC,PHITSANULOK,127.0,68.0,ONSHORE,160.0,2760.0,GAS DRIVE,NEOGENE,1050.0,0.15,26.0,39.0,0.7,500.0,800.0,19.0
1P ,EUROPE,NORTH SEA NORTHERN,59.0,170.0,OFFSHORE,196.0,5555.0,AQUIFER DRIVE,TRIASSIC,2750.0,0.33,24.0,64.0,0.7,590.0,3222.0,48.8
1P ,EUROPE,NORTH SEA NORTHERN,49.0,170.0,OFFSHORE,190.0,3858.705441847165,AQUIFER DRIVE,JURASSIC/TRIASSIC,230.0,0.41,23.0,56.0,0.77,440.0,805.0,55.0
1P ,NORTH AMERICA,SAN JOAQUIN,5516.0,1.25,ONSHORE,128.0,425.9040976558846,GAS DRIVE,NEOGENE,1000.0,0.6,60.0,30.0,3.0,200.0,2500.0,28.0
1P ,NORTH AMERICA,SAN JOAQUIN,5704.0,5.0,ONSHORE,92.0,200.0,GAS DRIVE,NEOGENE,200.0,0.6,36.0,13.0,1800.0,35.0,3000.0,50.0
1P ,NORTH AMERICA,WIND RIVER,87.0,5.0,ONSHORE,90.0,900.0,AQUIFER DRIVE,PERMIAN/CARBONIFEROUS,300.0,0.57,21.0,13.7,580.0,500.0,48.7,54.0
1P ,ASIA-PACIFIC,SABAH,23.0,0.0,OFFSHORE,115.67730585740011,616.2627673892273,GAS DRIVE,NEOGENE,4500.0,0.3,25.0,32.0,0.7,650.0,549.0,10.0
1P ,NORTH AMERICA,GULF OF MEXICO NORTHERN OFFSHORE,62.0,0.0,OFFSHORE,186.0,8375.0,AQUIFER DRIVE,NEOGENE,6000.0,0.06,31.0,33.0,0.7,177.0,112.0,42.8
1P ,NORTH AMERICA,GULF OF MEXICO NORTHERN OFFSHORE,62.0,0.0,OFFSHORE,186.0,8375.0,AQUIFER DRIVE,NEOGENE,600.0,0.5,29.0,33.0,0.7,171.0,63.0,48.3
1P ,NORTH AMERICA,WILLISTON,22.0,80.0,ONSHORE,91.0,1830.0,GAS DRIVE,TRIASSIC/CARBONIFEROUS,43.0,0.36,13.0,36.5,7.7,121.0,93.0,18.5
2P ,ASIA-PACIFIC,SARAWAK,286.0,0.0,OFFSHORE,143.61316449962882,2756.0,AQUIFER DRIVE,NEOGENE,8202.1,0.6,25.0,41.06,0.35,797.27,5184.39,39.2
1P ,NORTH AMERICA,DENVER,22.0,40.0,ONSHORE,137.0,1450.0,GAS DRIVE,CRETACEOUS,1350.0,0.04,14.3,41.5,0.7,680.0,688.0,8.75
1P ,NORTH AMERICA,PERMIAN,22.0,160.0,ONSHORE,160.0,3227.0,GAS DRIVE,PERMIAN,200.0,0.6,7.0,38.0,0.7,1495.0,1000.0,15.0
1P ,NORTH AMERICA,PERMIAN,22.0,80.0,ONSHORE,144.0,2500.0,GAS DRIVE,PERMIAN,200.0,0.6,10.0,38.0,0.7,613.0,1000.0,15.0
1P ,NORTH AMERICA,PERMIAN,22.0,80.0,ONSHORE,140.0,2300.0,GAS DRIVE,PERMIAN,250.0,0.6,10.0,38.0,0.7,263.0,1000.0,5.0
1P ,FORMER SOVIET UNION,SIBERIAN EASTERN,83.0,3700.0,ONSHORE,50.0,2150.0,AQUIFER DRIVE,PROTEROZOIC,98.43,0.23,18.0,32.0,15.0,340.0,2249.0,29.0
1P ,ASIA-PACIFIC,SABAH,21.0,0.0,OFFSHORE,115.18504403110532,1060.0,GAS DRIVE,NEOGENE,800.0,0.8,21.0,34.0,0.7,500.0,550.0,42.0
1P ,ASIA-PACIFIC,CARNARVON,22.0,90.0,OFFSHORE,125.0,1050.0,AQUIFER DRIVE,CRETACEOUS,72.0,0.8,35.0,19.0,9.0,120.0,1000.0,44.0
1P ,FORMER SOVIET UNION,TEREK-CASPIAN,22.0,36.0,ONSHORE,75.0,1044.0,AQUIFER DRIVE,NEOGENE,1800.0,0.6,16.0,33.5,0.9,430.0,748.0,53.5
1P ,FORMER SOVIET UNION,TEREK-CASPIAN,22.0,36.0,ONSHORE,285.87683229882,9500.0,GAS DRIVE,CRETACEOUS,980.0,0.6,7.0,41.0,0.9,2500.0,320.0,37.8
1P ,EUROPE,NORTH SEA NORTHERN,22.0,0.0,OFFSHORE,192.0,5561.0,AQUIFER DRIVE,JURASSIC,660.0,0.75,27.0,38.4,0.37,1039.0,7400.0,66.0
1P ,EUROPE,NORTH SEA NORTHERN,22.0,0.0,OFFSHORE,206.0,5864.0,AQUIFER DRIVE,JURASSIC/TRIASSIC,610.0,0.6,22.0,39.6,0.36,879.0,1512.0,69.6
2P ,ASIA-PACIFIC,CARNARVON,4.0,0.0,OFFSHORE,152.87999337962805,3400.0,AQUIFER DRIVE,CRETACEOUS,46.0,0.75,28.0,22.0,3.5,500.0,1000.0,44.0
3P ,MIDDLE EAST,MESOPOTAMIAN,12.0,0.0,ONSHORE,200.34633998010213,4584.952609102554,AQUIFER DRIVE,CRETACEOUS,755.0,0.6,20.0,31.0,0.7,600.0,1429.0,47.0
3P ,MIDDLE EAST,MESOPOTAMIAN,12.0,0.0,ONSHORE,214.68346567093755,5256.976397706628,AQUIFER DRIVE,CRETACEOUS,1482.0,0.6,24.0,31.0,9.7,600.0,1213.0,38.0
1P ,NORTH AMERICA,WESTERN CANADA,258.0,2.5,ONSHORE,82.4,1424.0,AQUIFER DRIVE,CRETACEOUS,200.0,0.4,26.5,14.0,97.4,152.0,223.0,22.0
1P ,ASIA-PACIFIC,BOHAI,183.0,30.0,OFFSHORE,145.0,2074.0,AQUIFER DRIVE,PALEOGENE,980.0,0.6,32.0,16.0,70.0,168.0,1886.0,22.0
1P ,FORMER SOVIET UNION,SIBERIAN WESTERN,2075.0,60.0,ONSHORE,180.0,3898.0,AQUIFER DRIVE,CRETACEOUS,200.0,0.6,19.0,40.0,1.3,519.0,3976.3,30.0
1P ,NORTH AMERICA,WESTERN CANADA,22.0,40.0,ONSHORE,90.0,1468.0,AQUIFER DRIVE,CRETACEOUS,190.0,0.2,17.0,20.0,0.7,214.0,13.0,28.0
1P ,NORTH AMERICA,WESTERN CANADA,22.0,40.0,ONSHORE,86.0,1567.0,AQUIFER DRIVE,CRETACEOUS,165.0,0.5,25.0,29.5,1.8,96.0,58.0,64.0
2P ,NORTH AMERICA,GULF OF MEXICO NORTHERN OFFSHORE,3.0,0.0,OFFSHORE,200.0,20000.0,GAS DRIVE,NEOGENE,200.0,0.6,20.0,30.0,0.7,600.0,1000.0,44.0
1P ,AFRICA,LOWER CONGO,75.0,0.0,OFFSHORE,133.0,1525.0,GAS DRIVE,CRETACEOUS,550.0,0.35,25.0,31.0,1.75,446.0,2200.0,46.0
1P ,LATIN AMERICA,TALARA,22.0,40.0,ONSHORE,140.0,2098.753013494351,GAS DRIVE,PALEOGENE,1300.0,0.45,5.0,33.0,0.7,500.0,1000.0,44.0
1P ,NORTH AMERICA,GULF OF MEXICO NORTHERN ONSHORE,22.0,10.0,ONSHORE,147.0,1920.0,AQUIFER DRIVE,CRETACEOUS,180.0,0.6,25.0,20.0,30.0,20.0,1000.0,44.0
1P ,FORMER SOVIET UNION,SIBERIAN WESTERN,5140.0,40.0,ONSHORE,205.0,3699.0,AQUIFER DRIVE,JURASSIC,110.0,0.7,15.0,42.0,0.28,930.0,10750.0,31.0
1P ,LATIN AMERICA,GUYANA,1120.0,10.0,ONSHORE,98.0,433.0,AQUIFER DRIVE,PALEOGENE,400.0,0.6,39.0,16.0,500.0,30.0,900.0,14.2
1P ,ASIA-PACIFIC,BARITO,125.0,40.0,ONSHORE,150.0,1600.0,GAS DRIVE,PALEOGENE,200.0,0.3,21.0,40.0,1.2,1315.0,620.0,27.0
1P ,ASIA-PACIFIC,MALAY,22.0,125.0,OFFSHORE,158.1348883753248,2927.0,GAS DRIVE,NEOGENE,330.0,0.5,20.0,45.0,0.28,675.0,850.0,57.0
1P ,FORMER SOVIET UNION,SIBERIAN WESTERN,22.0,90.0,ONSHORE,188.06,3567.93,AQUIFER DRIVE,CRETACEOUS,52.49,0.63,18.0,41.06,0.55,925.85,1000.0,39.8
1P ,LATIN AMERICA,EASTERN VENEZUELA,118.0,0.0,OFFSHORE,172.0,1935.0,AQUIFER DRIVE,NEOGENE,13000.0,0.6,25.0,30.0,0.7,550.0,1186.0,50.0
1P ,LATIN AMERICA,EASTERN VENEZUELA,22.0,0.0,OFFSHORE,172.47201406616026,3278.399921387338,AQUIFER DRIVE,NEOGENE,200.0,0.6,29.0,30.0,0.7,550.0,134.0,56.0
1P ,EUROPE,NORTH SEA CENTRAL,5.0,0.0,OFFSHORE,212.6159660004995,4649.0,GAS DRIVE,JURASSIC,240.0,0.8,17.5,39.0,0.7,2000.0,230.0,44.0
1P ,ASIA-PACIFIC,SARAWAK,22.0,0.0,OFFSHORE,125.2025721962041,1553.0,AQUIFER DRIVE,NEOGENE/PALEOGENE,200.0,0.6,25.0,35.0,0.7,450.0,498.0,30.0
1P ,ASIA-PACIFIC,SABAH,22.0,180.0,OFFSHORE,170.0,2450.0,GAS DRIVE,NEOGENE,1000.0,0.3,25.0,37.5,0.7,600.0,150.0,23.0
1P ,EUROPE,NORTH SEA NORTHERN,18.0,120.0,OFFSHORE,200.0,3580.0,AQUIFER DRIVE,JURASSIC,200.0,0.62,22.0,34.0,1.26,177.0,631.0,42.0
1P ,NORTH AMERICA,JEANNE D ARC,15.0,740.0,OFFSHORE,205.0,5193.0,GAS DRIVE,JURASSIC,394.0,0.54,18.0,33.0,0.69,731.0,1000.0,44.0
1P ,EUROPE,NORTH SEA NORTHERN,7.0,140.0,OFFSHORE,260.0,6655.0,AQUIFER DRIVE,JURASSIC,1000.0,0.52,13.5,38.5,0.13,2720.0,1000.0,25.8
1P ,EUROPE,NORTH SEA NORTHERN,40.0,100.0,OFFSHORE,220.0,6060.0,AQUIFER DRIVE,JURASSIC,475.0,0.7,24.0,38.4,0.88,290.0,824.0,50.0
1P ,NORTH AMERICA,PERMIAN,92.0,40.0,ONSHORE,121.0,3200.0,GAS DRIVE,DEVONIAN,90.0,0.77,15.0,41.5,2.38,669.0,141.0,30.5
1P ,MIDDLE EAST,SOUTH OMAN SALT,22.0,22.24,ONSHORE,122.0,1392.36,GAS DRIVE,PERMIAN,426.51,0.7,26.0,22.0,66.0,16.84,1000.0,44.0
1P ,NORTH AMERICA,GULF OF MEXICO NORTHERN OFFSHORE,8.0,0.0,OFFSHORE,166.0,12637.0,AQUIFER DRIVE,NEOGENE,1600.0,0.5,23.0,32.0,0.7,1356.0,1598.0,26.0
1P ,NORTH AMERICA,GULF OF MEXICO NORTHERN OFFSHORE,7.0,0.0,OFFSHORE,203.0,13288.0,AQUIFER DRIVE,NEOGENE,2150.0,0.67,23.0,33.5,0.7,942.0,2344.0,27.0
1P ,LATIN AMERICA,MARACAIBO,162.0,20.0,OFFSHORE,130.0,1580.0,COMPACTION,NEOGENE,200.0,0.6,28.0,19.0,0.7,503.0,525.0,49.0
1P ,LATIN AMERICA,MARACAIBO,22.0,50.0,OFFSHORE,130.0,1580.0,GAS DRIVE,NEOGENE,200.0,0.6,31.0,19.0,0.7,503.0,6900.0,24.5
1P ,LATIN AMERICA,MARACAIBO,425.0,33.0,OFFSHORE,120.0,1198.0,COMPACTION,NEOGENE,650.0,0.35,24.0,17.0,93.0,598.0,3636.0,15.0
1P ,LATIN AMERICA,MARACAIBO,22.0,50.0,OFFSHORE,160.0,1798.7938975509016,GAS DRIVE,NEOGENE,200.0,0.6,31.0,26.0,0.7,500.0,5979.0,47.0
1P ,LATIN AMERICA,MARACAIBO,22.0,22.0,OFFSHORE,135.98310619205975,1450.0,AQUIFER DRIVE,NEOGENE,2500.0,0.6,20.0,28.0,0.7,500.0,1222.0,28.0
1P ,LATIN AMERICA,MARACAIBO,2700.0,13.0,ONSHORE,113.0,960.0,COMPACTION,NEOGENE,200.0,0.6,35.0,12.0,2000.0,0.0,10700.0,23.0
1P ,LATIN AMERICA,MARACAIBO,132.0,13.0,ONSHORE,113.0,850.0,COMPACTION,NEOGENE,200.0,0.6,38.0,12.0,2000.0,0.0,828.0,30.0
1P ,NORTH AMERICA,GULF OF MEXICO NORTHERN ONSHORE,22.0,30.0,ONSHORE,206.0,4165.0,GAS DRIVE,PALEOGENE,3300.0,0.6,27.0,40.5,0.3,4000.0,1000.0,44.0
1P ,NORTH AMERICA,GULF OF MEXICO NORTHERN ONSHORE,550.0,22.0,ONSHORE-OFFSHORE,180.0,3497.0,AQUIFER DRIVE,NEOGENE,16000.0,0.48,30.0,39.0,0.39,722.0,1000.0,49.0
2P ,AFRICA,ILLIZI (GHADAMES),279.0,2360.0,ONSHORE,190.0,2750.0,GAS DRIVE,ORDOVICIAN,460.0,0.6,6.0,41.0,0.7,500.0,3670.0,42.0
1P ,ASIA-PACIFIC,COOPER,51.0,260.0,ONSHORE,285.0,4260.0,GAS DRIVE,PERMIAN/CARBONIFEROUS,115.0,0.37,10.0,51.0,0.09,2714.0,163.2,23.1
1P ,EUROPE,NORTH SEA NORTHERN,22.0,0.0,OFFSHORE,154.0,2292.0,AQUIFER DRIVE,JURASSIC,440.0,0.9,28.0,28.0,1.7,350.0,4222.0,37.0
2P ,ASIA-PACIFIC,SUPHAN BURI,9.0,0.0,ONSHORE,179.01,1400.0,AQUIFER DRIVE,NEOGENE,1640.42,0.6,20.0,31.14,3.4,44.69,1000.0,23.0
1P ,AFRICA,NIGER DELTA,108.0,158.0,OFFSHORE,157.70415927731688,2507.0,GAS DRIVE,NEOGENE,3000.0,0.6,27.0,36.0,0.64,612.0,1000.0,53.5
1P ,EUROPE,NORTH SEA CENTRAL,28.0,80.0,OFFSHORE,289.0,7005.0,AQUIFER DRIVE,JURASSIC,410.0,0.93,16.5,39.0,0.34,500.0,868.0,64.0
2P ,NORTH AMERICA,NORTH SLOPE,22.0,0.0,ONSHORE,31.0,50.0,GAS DRIVE,CRETACEOUS,650.0,0.6,14.0,37.0,2.9,71.0,1520.0,10.16
1P ,AFRICA,MUGLAD,22.0,150.0,ONSHORE,279.0,3312.0,AQUIFER DRIVE,CRETACEOUS,2700.0,0.04,27.0,32.0,8.5,28.0,1000.0,32.0
1P ,LATIN AMERICA,POTIGUAR,36.0,40.0,ONSHORE,190.0,2852.1118700753977,AQUIFER DRIVE,CRETACEOUS,200.0,0.5,18.0,37.0,0.7,555.0,34.0,35.0
1P ,NORTH AMERICA,GULF OF MEXICO NORTHERN OFFSHORE,1.0,0.0,OFFSHORE,251.91076628448025,7001.930870262268,GAS DRIVE,NEOGENE,90.0,0.5,24.0,32.0,0.7,500.0,1000.0,44.0
1P ,FORMER SOVIET UNION,TIMAN-PECHORA,850.0,0.0,ONSHORE,169.0,5200.0,GAS DRIVE,DEVONIAN,249.0,0.35,12.5,36.0,2.1,300.0,2310.0,37.0
1P ,FORMER SOVIET UNION,CASPIAN MIDDLE,3650.0,0.0,ONSHORE,128.0,1624.0,AQUIFER DRIVE,JURASSIC,1020.0,0.46,21.5,35.0,3.7,441.5,8400.0,34.0
1P ,FORMER SOVIET UNION,SIBERIAN WESTERN,22.0,62.02,ONSHORE,189.0213644043644,4054.117268995247,GAS DRIVE,JURASSIC,164.04,0.57,16.0,35.6,1.15,338.0,1000.0,32.8
1P ,NORTH AMERICA,WESTERN CANADA,225.0,60.0,ONSHORE,84.0,557.0,GAS DRIVE,CRETACEOUS,82.0,0.44,24.0,38.0,5.0,107.0,279.0,28.5
1P ,FORMER SOVIET UNION,SIBERIAN WESTERN,1175.0,64.0,ONSHORE,183.0,3698.0,AQUIFER DRIVE,CRETACEOUS,3150.0,0.5,23.6,42.0,0.3,1137.0,5293.0,30.0
1P ,NORTH AMERICA,VENTURA,937.0,6.0,ONSHORE,180.0,6186.0,GAS DRIVE,NEOGENE,6000.0,0.65,17.0,27.5,1.6,1000.0,1000.0,44.0
1P ,FORMER SOVIET UNION,SIBERIAN EASTERN,22.0,0.0,ONSHORE,61.0,2200.0,AQUIFER DRIVE,PROTEROZOIC,200.0,0.53,10.0,34.5,4.0,500.0,1830.0,40.0
1P ,LATIN AMERICA,CAMPOS,76.0,16.0,OFFSHORE,203.0,4134.0,AQUIFER DRIVE,PALEOGENE,500.0,0.6,24.4,24.0,5.5,126.0,361.6,33.6
1P ,EUROPE,NORTH SEA NORTHERN,42.0,0.0,OFFSHORE,243.0,4714.0,GAS DRIVE,JURASSIC,459.0,0.65,18.0,37.0,0.31,662.0,708.0,48.0
1P ,EUROPE,NORTH SEA NORTHERN,37.0,0.0,OFFSHORE,262.0,5062.0,GAS DRIVE,JURASSIC,164.0,0.5,22.0,39.0,0.31,725.0,170.0,45.3
1P ,EUROPE,NORTH SEA NORTHERN,37.0,105.0,OFFSHORE,271.0,5147.0,GAS DRIVE,JURASSIC/TRIASSIC,779.0,0.75,17.0,0.0,0.17,2133.0,36.0,29.0
1P ,ASIA-PACIFIC,CARNARVON,20.0,22.0,OFFSHORE,122.0,926.0,AQUIFER DRIVE,CRETACEOUS,164.0,0.8,32.0,19.0,14.4,99.0,172.0,44.0
1P ,ASIA-PACIFIC,JIANGHAN,198.0,16.0,ONSHORE,192.0,3704.0,GAS DRIVE,PALEOGENE,200.0,0.03,18.3,31.0,6.2,212.0,238.0,50.2
1P ,NORTH AMERICA,PERMIAN,63.0,160.0,ONSHORE,180.0,3900.0,GAS DRIVE,PERMIAN,84.0,0.31,10.0,43.6,0.7,500.0,1000.0,44.0
1P ,NORTH AMERICA,GULF OF MEXICO NORTHERN ONSHORE,22.0,0.0,ONSHORE,225.0,6013.0,AQUIFER DRIVE,NEOGENE,250.0,0.8,26.0,31.0,0.45,500.0,1000.0,70.0
1P ,ASIA-PACIFIC,NANXIANG,84.0,77.0,ONSHORE,170.0,2262.0,AQUIFER DRIVE,PALEOGENE,200.0,0.6,22.0,33.5,7.5,100.0,67.6,41.0
1P ,NORTH AMERICA,POWDER RIVER,479.0,160.0,ONSHORE,158.0,2540.0,GAS DRIVE,CRETACEOUS,110.0,0.35,14.2,42.1,0.7,834.0,1000.0,44.0
1P ,NORTH AMERICA,WESTERN CANADA,22.0,160.0,ONSHORE,181.0,3242.0,GAS DRIVE,TRIASSIC,200.0,0.6,10.0,45.0,0.7,1028.0,224.0,20.7
1P ,ASIA-PACIFIC,BOHAI,213.0,5.5,ONSHORE,167.0,2677.0,GAS DRIVE,PALEOGENE,6600.0,0.1,24.8,26.0,9.28,257.0,186.0,39.8
1P ,NORTH AMERICA,GULF OF MEXICO NORTHERN ONSHORE,236.0,0.0,ONSHORE,200.0,4100.0,AQUIFER DRIVE,PALEOGENE,800.0,0.56,26.0,33.0,0.9,500.0,1000.0,65.0
1P ,ASIA-PACIFIC,GIPPSLAND,30.0,160.0,OFFSHORE,215.0,3303.0,AQUIFER DRIVE,PALEOGENE,200.0,0.75,19.0,47.0,2.15,363.0,1000.0,59.0
1P ,NORTH AMERICA,NORTH SLOPE,22.0,0.0,ONSHORE,75.0,1800.0,GAS DRIVE,CRETACEOUS,300.0,0.2,29.0,16.0,30.0,210.0,15500.0,44.0
1P ,ASIA-PACIFIC,KUTAI,22.0,0.0,OFFSHORE,142.38250993389187,3800.0,GAS DRIVE,NEOGENE,2500.0,0.3,24.4,40.5,2.1,949.0,1000.0,44.0
1P ,FORMER SOVIET UNION,SIBERIAN WESTERN,1174.0,32.0,ONSHORE,168.0,3524.0,AQUIFER DRIVE,CRETACEOUS,200.0,0.7,23.0,28.6,6.0,182.0,2357.0,28.0
1P ,FORMER SOVIET UNION,SIBERIAN WESTERN,1174.0,32.0,ONSHORE,168.0,3524.0,AQUIFER DRIVE,CRETACEOUS,200.0,0.67,25.0,28.5,5.2,178.0,4091.0,31.0
1P ,FORMER SOVIET UNION,SIBERIAN WESTERN,1174.0,32.0,ONSHORE,186.51378266121884,3936.579443101714,AQUIFER DRIVE,CRETACEOUS,200.0,0.78,27.0,28.4,6.0,176.0,1585.0,36.0
1P ,FORMER SOVIET UNION,TIMAN-PECHORA,227.0,0.0,ONSHORE,156.0,2807.0,AQUIFER DRIVE,DEVONIAN,60.0,0.6,19.0,35.0,1.5,480.0,1000.0,44.0
1P ,NORTH AMERICA,JEANNE D ARC,7.0,0.0,OFFSHORE,223.0,4264.0,GAS DRIVE,CRETACEOUS,980.0,0.65,15.0,31.0,0.68,685.0,839.0,30.0
1P ,ASIA-PACIFIC,ASRI,22.0,63.0,OFFSHORE,190.0,1540.0,AQUIFER DRIVE,NEOGENE/PALEOGENE,325.0,0.5,29.0,32.5,4.0,82.0,1000.0,47.0
1P ,NORTH AMERICA,LOS ANGELES,5000.0,6.0,ONSHORE-OFFSHORE,135.0,1356.0,GAS DRIVE,NEOGENE,600.0,0.37,32.0,17.0,84.0,160.0,8800.0,34.0
1P ,NORTH AMERICA,LOS ANGELES,5000.0,6.0,ONSHORE-OFFSHORE,120.0,1037.0,GAS DRIVE,NEOGENE,280.0,0.46,35.0,13.5,360.0,87.0,8800.0,34.0
1P ,NORTH AMERICA,PICEANCE,27.0,60.0,ONSHORE,172.0,2184.0,AQUIFER DRIVE,JURASSIC,250.0,0.3,16.0,49.0,5.6,420.0,146.0,45.0
1P ,EUROPE,WESSEX,57.0,247.11,ONSHORE-OFFSHORE,150.8,2429.96,AQUIFER DRIVE,TRIASSIC,524.93,0.7,18.0,41.06,0.9,338.56,923.97,53.0
1P ,ASIA-PACIFIC,BOHAI,105.0,12.0,ONSHORE,233.0,4669.0,GAS DRIVE,PALEOGENE,1200.0,0.4,15.6,29.0,4.03,277.0,151.7,34.4
1P ,AFRICA,LOWER CONGO,5.0,160.0,OFFSHORE,259.47719975100074,7356.592145753636,GRAVITY DRAINAGE,NEOGENE,200.0,0.4,28.0,35.0,0.6,500.0,300.0,33.0
1P ,ASIA-PACIFIC,BOHAI,488.0,20.0,ONSHORE,171.13060058950697,3244.0,GAS DRIVE,PALEOGENE,900.0,0.3,18.0,33.5,3.5,620.0,605.0,38.5
1P ,ASIA-PACIFIC,JIUQUAN,22.0,160.0,ONSHORE,171.0,4239.0,GAS DRIVE,PALEOGENE,200.0,0.6,22.4,33.0,0.75,392.0,1000.0,44.0
1P ,ASIA-PACIFIC,JIUQUAN,22.0,0.0,ONSHORE,196.0,7033.0,GAS DRIVE,CRETACEOUS,620.0,0.6,8.5,32.0,4.4,320.0,1000.0,44.0
1P ,ASIA-PACIFIC,KUTAI,41.0,0.0,OFFSHORE,93.0,900.0,AQUIFER DRIVE,NEOGENE,4800.0,0.6,25.0,20.0,11.0,200.0,1000.0,44.0
1P ,ASIA-PACIFIC,BOHAI,116.0,10.0,ONSHORE,150.8,2350.0,AQUIFER DRIVE,NEOGENE,200.0,0.3,32.0,22.0,15.77,259.0,158.8,42.0
1P ,ASIA-PACIFIC,BOHAI,135.0,10.0,ONSHORE,140.0,1906.0,AQUIFER DRIVE,NEOGENE,2615.0,0.3,31.0,16.0,102.0,203.0,189.0,29.6
1P ,FORMER SOVIET UNION,TIMAN-PECHORA,112369.0,0.1,ONSHORE,43.0,203.0,GAS DRIVE,DEVONIAN,100.0,0.86,21.0,18.0,15300.0,31.0,1300.0,45.0
1P ,NORTH AMERICA,PERMIAN,25.0,40.0,ONSHORE,132.0,3226.0,GAS DRIVE,PERMIAN,560.0,0.39,13.0,37.0,0.7,800.0,22.0,11.3
1P ,AFRICA,GULF OF SUEZ,8.0,80.0,OFFSHORE,152.47387737293485,1932.0,GAS DRIVE,NEOGENE,200.0,0.7,30.0,32.0,1.4,320.0,104.0,27.0
1P ,NORTH AMERICA,SAN JOAQUIN,134.0,40.0,ONSHORE,240.0,5660.0,GAS DRIVE,NEOGENE,225.0,0.67,17.0,34.0,0.52,650.0,280.0,40.0
1P ,AFRICA,GULF OF SUEZ,9.0,45.0,OFFSHORE,160.0,2700.0,AQUIFER DRIVE,NEOGENE,100.0,0.4,9.0,22.3,25.0,7.5,43.0,31.0
1P ,AFRICA,GULF OF SUEZ,9.0,45.0,OFFSHORE,160.0,2700.0,AQUIFER DRIVE,NEOGENE,700.0,0.5,20.0,22.3,25.0,7.5,168.0,31.0
1P ,AFRICA,NIGER DELTA,34.0,250.0,OFFSHORE,170.0,2488.0,AQUIFER DRIVE,NEOGENE,190.0,0.6,27.0,35.0,0.7,500.0,1000.0,44.0
1P ,ASIA-PACIFIC,BOHAI,428.0,6.7,ONSHORE,158.0,2654.0,AQUIFER DRIVE,PALEOGENE,200.0,0.2,23.3,24.0,38.67,142.0,637.3,15.0
1P ,ASIA-PACIFIC,BOHAI,22.0,7.4,ONSHORE,158.0,2654.0,AQUIFER DRIVE,PALEOGENE,1080.0,0.2,26.7,22.0,71.0,96.0,1000.0,12.0
1P ,ASIA-PACIFIC,BOHAI,108.0,5.6,ONSHORE,161.0,2800.0,AQUIFER DRIVE,PALEOGENE,2540.0,0.35,22.4,27.0,31.2,99.0,1000.0,28.0
1P ,ASIA-PACIFIC,BOHAI,23.0,7.6,ONSHORE,148.0,2596.0,AQUIFER DRIVE,PALEOGENE,2050.0,0.08,23.2,18.0,45.6,185.0,1000.0,13.0
1P ,ASIA-PACIFIC,BOHAI,63.0,11.0,ONSHORE,200.0,3828.0,AQUIFER DRIVE,PALEOGENE,1480.0,0.2,21.1,29.0,6.86,190.0,1000.0,19.0
1P ,MIDDLE EAST,CENTRAL OMAN UPLIFT,53.0,100.0,ONSHORE,194.31613260799108,3655.0,AQUIFER DRIVE,PERMIAN,533.0,0.3,21.0,44.0,0.7,500.0,352.0,18.5
1P ,AFRICA,GULF OF SUEZ,45.0,0.0,OFFSHORE,152.0,2176.6270147489,GAS DRIVE,CRETACEOUS/JURASSIC/TRIASSIC/PERMIAN,500.0,0.6,18.0,34.0,0.84,680.0,192.0,65.6
1P ,FORMER SOVIET UNION,CASPIAN MIDDLE,22.0,50.0,ONSHORE,176.0,2581.0,AQUIFER DRIVE,JURASSIC,200.0,0.6,18.0,35.0,2.5,580.0,2710.0,39.0
1P ,FORMER SOVIET UNION,VOLGA-URAL,22.0,0.0,ONSHORE,73.0,885.0,AQUIFER DRIVE,CARBONIFEROUS,262.0,0.1,24.0,28.0,25.0,67.0,159.8,21.5
1P ,FORMER SOVIET UNION,VOLGA-URAL,22.0,0.0,ONSHORE,82.0,1540.0,GAS DRIVE,CARBONIFEROUS,128.0,0.35,26.0,33.0,9.0,268.0,456.3,67.3
1P ,ASIA-PACIFIC,JIANGHAN,59.0,22.0,ONSHORE,186.0,3504.0,AQUIFER DRIVE,PALEOGENE,200.0,0.3,22.0,34.0,3.8,177.0,61.7,44.0
1P ,MIDDLE EAST,MESOPOTAMIAN,22.0,0.0,ONSHORE,220.0,5373.0,AQUIFER DRIVE,CRETACEOUS,353.0,0.52,18.0,36.0,0.7,825.0,8000.0,34.0
1P ,EUROPE,PANNONIAN,160.0,62.0,ONSHORE,231.0,3060.0,GAS DRIVE,NEOGENE,660.0,0.6,19.0,33.8,0.7,1234.0,329.0,35.0
